id,title
d4c143f004d88b7286e6f999dea9d0d7,Accounting
81d654c920b0046a0d7ce04912cf68a7,Invoices and receipts
a76796d948dc769aae1ca26bfc9537eb,Product display - Other
56deca22a707214865f7ea3ae6391d67,Invoices
dd56421b288ed66bfa4cb2e502fb3c87,Receipts
29e85861dd61ebbab16f28e250c87161,Order confirmations
0084ff716402199f733f841f5937d3ae,Refunds
7fff84525c6516919851a9005373f87e,Returns
fa6b84b13ce63b1f620cbf5a776fa76f,Branding
7ee0509197712bbc3bd83e153819e645,Sender email
f426dc92a8b61dc26f1e6aee37f86ee0,Multi-language
9bcce9aae0b401355938667099d2828f,PDF generation
996404c443a7f7fc7ea2229d24670e21,Print and export
7f71e5efa254212dd209fc9d19e89dd3,Loyalty and rewards
ee19d8dc2273f3297a5f62479dd582f8,Reward programs
940417620dcf2b1f9756f65776f86aa0,Cash back programs
11306a3102ee37a7d6720a42ac94f38d,Digital wallets
0aab81de5c4c87021772015efc184d67,Points
9ef6f8ed52dc6c99a5eabce66bbfaa35,Cash back
a96642859a4c6e824fdd0be48fc028be,Store credit
99b3b409bf694d0987506adc396386a2,Free shipping
57d099a351906e56a5850c4d5deccca2,Returns and exchanges
b7c1d0c8b707eef794ac22f0a3069b87,Manual refunds
2dcaf09e425edee27ddbbe06dc8f34fc,Gift cards
56ca5de714b3220291ccc556451bdd3c,Email notifications
15a4d59740e28f622e101b5e9a18b0dd,Refund management
8fa0c082312466005ee1599e7164f300,Stock updates
68c4283db8074b12df1660b31c0220a9,Analytics
9d47b56c1bf63c0be26c06abca448366,Product variants
1c84c21482bbe6c894b45ddf9fa43fab,Checkboxes
700f22028efd8140c3797b5195ba7751,Conditional logic
980d14c0c85495b48b9a9134658e6121,Fonts
7877adcb96eb8221c075f0008093bbf7,Dates
f412b80e160b69732c123964aae04302,Dimensions
dae958162d8de6984b37065a42bb88c6,Dropdowns
d81924db230a4d115f2279f5e7974755,File uploads
a2cf607334d00674310fac472576556f,Multi-select
ee5c35ce3d081da90622a10d2272ed5e,Numbers
6e0a363f6c524c0f11980216c556630b,Radio buttons
77a1a4362cf868c43c8ae9acb4a7490f,Custom text
3cb420e6c8dac2dc1f3dd5e0038c96c2,Gift wrap
e732d19bf6d6930dd8ad89599c19128b,Custom CSS
c8dbf4e19b60c65876d8f567695553be,Custom HTML
cd52bb4d6b5169d96e62db14db217d5a,Size chart
5ebeb6065f64f2346dbb00ab789cf001,Preview
e73a15af1ff7b33d4b70907bde58bd9e,Import and export
23a3fe562c0b0df875808ec8f9046fae,Conditional pricing
1a82ebf4e0eb69a34aa273fe39e7e5fb,Discount options
f9ef7d9e905d1a4504697a5c6dd610d7,Add-ons
2411cbd42678d2ea6ebf52a3a672506f,Variant upcharges
6fd2cbd111a92646e3cd628a4b90a44e,Setup charges
44daea8fc6130d27ffaf3dd3493c2df9,Hide out-of-stock
5b3559ded4e134e8cce234a083569ccb,SKU management
4e9795dd1992b904e7fbdb850e30e8d4,Stock availability
d4a7b81179bf2cc41b070376832e2d5c,In-stock display
55c212402c5065b676ae33b0493f6be8,Manual update
42cfc5ceec59ad871f5f1b0b8e6683c5,Auto-update
838a62da55e284febd37c469fab61cb2,Custom file upload
bff139fa05ac583f685a523ab3d110a0,PNG
ab4f3ccba74857c5f2ba0d5b7dbf65e1,JPEG
f6d7022d02ebecf3d3b12aacad4ef7a3,PSD
437175ba4191210ee004e1d937494d09,PDF
bf57c906fa7d2bb66d07372e41585d96,Excel
59b514174bffe4ae402b3d63aad79fe0,Images
adcdbd79a8d84175c229b192aadc02f2,ZIP
2c92b7d273fcc86926be1afb1c40335f,Custom rules
e907544e9df7140708b309d63b376864,Add text
4769d8fcc6c3a668a157ff37a8cc444c,Custom font
909866cc550cc3f430e45bfb4f330fc6,File conversion
311ae7d3f1af993400e4c27e32320ab3,Print on demand (POD)
cda17e17068084e94b20821f781f4345,Sourcing options - Other
8e5289f6aef3aa60aea0824b4c69566d,Countdown timer
507266eaa42c376f44bcb8831ec6f65f,Content - Other
3f2a46a42f002500912d1a72c31bb1e5,Accounts and login
4f2b2ec0df16270a80017dda345f8570,Fraud
2fbd4ee396cdac223059952a7fe01e54,Legal
64fb54fbf843d19f8961ab4c31fd0f8d,Store data importer
df1206eba405fabbd25f7cc9bf18570c,Auto-updates
ee8fb1d2095b7dfae610955a339d2dcb,Product sync
423074fd2e0d93aeec9231b5a82ac487,Bulk import
86024cad1e83101d97359d7351051156,Products
458cacb02c7da751043a83556a4bacf3,Dropshipping
9f086ea60f94bd3ed1370555ba6d0158,Site optimization - Other
2e159ef13f8dfa92ef061f915ad7f4ec,Pricing optimization
cb43f67955db5f4afb152e549a761571,A/B testing
3cadd4968e64af1f5a8c4f97be777b55,Inventory sync
a4adb0ff97f006fbc9e7af7ed81da417,Price sync
39b675e470f2a614de10a93136c93f2a,Scheduled sync
2c6ababcd15638e2819968f190e393ca,Bulk export
4c5a5e41310343629994410835eee480,Scheduled export
087a41dbccb4f4dca1f8f9f13699b7c3,Scheduled import
a25f1f06bed7d9c9d747f4fc034234d8,FTP/SFTP
628cb5675ff524f3e719b7aa2e88fe3f,CSV
c23fdeec26eee0c543f1c1961e7365c6,Bulk updates
7a1eabc3deb7fd02ceb1e16eafc41073,Inventory
d364c9d122ca2061b9202649e3e1d078,Metafields
aa8af3ebe14831a7cd1b6d1383a03755,Chat
47d1d416e4ce94ade7d14211ef3ef076,Live chat
2110bb4da3b8f6f5df9d597d9f80aeb2,Chat flows
00799d28b44f295a375c4f1802dd7038,Search and filters
7bb66a7d08c1f4a2837ba0f90c55db53,Autocomplete
9c75fdb1ec4e788212809b2f26ccf72f,Instant search
dff99aea487453e7303bd459a4123dc4,Typo tolerance
b8570246c368c7524df3b8acd66beba5,Synonym groups
f09d619f1b7a792c79524e2bd1c247f4,Search suggestions
dfa06b52f17ca5ac94355228e0704d68,Product boosts
823710c6e5ef18cb98afcdec83c0c428,Multi-filter
abd7d7603cf14fd8a92109be713dda21,Custom ranking
457f6c842390e07785cdc973b745f2c1,Exclude results
b4b857cf3f74bd53785d013dd105d55b,Mobile responsive
199565b3ac8a72a8b04783c37504f079,Custom styling
2d3f5e9c798f52fadf09b4e3d25dff3a,Filter display
88d31dea10deb8b751c692b8f8615823,Custom filters
ea9fa9065e0a63e8c304657059fa8924,Search results page
8b4939bcf8f2d06f72b94cc1bd204569,Sorting
025e4ad3be8aa0afc003c5ed58d9709a,Conversion tracking
28f8c35b2426481854cac606ca7b120f,Filter usage
7a77602327af9ad869ce878cf9582e99,Behavior insights
78a4effd44e85fc2746261e627bc64e0,Search queries
e74dbc9a43dda3740b2a8b9bcc7d95d5,Search and navigation - Other
a761d615e72275474c5e5a4929c1fbd3,Order editing
d02af6edb50130b1645e6d3326943df9,Affiliate programs
e7147a23160690f53a76ba196d69173c,Affiliate links
9544fa2fae515081e7fc27ef2d268642,Discounts
641ea0507d6c86157182c7800613a888,Email tracking
45278a2e77a65251790d52ec2698522c,Product tracking
44a7ee87e0bfeb642f93480ec1610869,Marketing - Other
97c46e9ef7790b4aac5b7cf9c15ac515,Order tracking
a36d13ec2cfbc67149ca9423fcbcbdcd,Branded tracking page
9b5236b0884325cf3b92e9be934ff4f3,Global tracking
0c83f57c786a0b4a39efab23731c7ebc,Email
205d64ff9b580aadbf4829ec41dd4ef0,Automation
df30558412efd7df2463d972ae84b5ba,Upsell and bundles - Other
009a93317a248d0fbcd664b6fa5e79e8,Banners
679ac1a3996824ad757b2e842e572cb9,Discount codes
28882724d375042a7b19db1e976cb622,Coupons
06721723b61c07cf8bd3292ee1cb39e8,Editor tool
fed36e93a0509e20f2dc96cbbd85b678,Templates
41dfabce9999260428c407d1922e2109,Campaigns
472510969259cb864f694705e17a3ee3,Product reviews
edcb3772d7c22c676c4102d481db060d,Star ratings
c411ea7079fe39bd7d6035350ce6884c,Review summaries
d8971003f1326e2951700f0c706bef6d,Pop-ups
ac68b62abfd6a9fe26e8ac4236c8ce0c,Forms
def6d90e829e50c63f98c387daecd138,ERP
166737afd83fe89faffc94c635aae2b4,Status updates
7093813821a444336e5503b89e15685f,Order sync
f57b819b58f706de082d972f60bdcc5b,Customer accounts
d4ace4cf3f0c981079b5990933f4f728,Real-time sync
c5aff943fd1ef95e2caecd5006fc44d0,Multi-location
0e4ca924cf661a87c687e10fc22b0f59,Accounts receivable
7f665cd7577fab21ec5b1847c34493e2,Financial consolidation
12c500ed0b7879105fb46af0f246be87,Orders
afae32efe0f84fece3f96b377b768b33,Prices
796e0e5ff8114b13b2e23cde9d3c6904,Variants
85e01879c3fa5cb5c733bbfd7807e9a1,SKUs
2bd9c0ed00116be1258e0cc66617d7c8,Automatic
b7c30a97ae4fe740e3044249789676ec,Real-time
edc3e67b7eab8cf575e303a8868546e1,Data import and export
e84d4ffdfc19b86dcb1af9c2020ce1d4,Bulk editor
fff66e9b3d962fa319c8068b5c1997cd,Rollback
f188989e54cb55ad4ab052f3ecb7932b,Search and filter
8e6607a3deff2a2be5604d58750721ef,Scheduled tasks
09a6491585d9189948c37a8215e5f141,Bulk edit
0e88679ad4da88a84e1e25f61be6872a,Referrals
16e4000d262b1a1844a007296d9a4a7b,Gift card programs
e7b7736d2cbc6ed2f99227a04c93dae4,Contests
148982acaadf7ec255aaef59832efdd7,Custom programs
b4d26e9e27f3a0efa18c6a3af1abf74a,Currency and translation
b22a74a48cd2f1d35dac23d239312139,Geolocation
ec3fc9c71fa7cde5eb1d99e7f6268dff,Local currency checkout
0b19c5a5dae7183d04f7948f3a8267da,Multi-currencies
b246800099a3edbd121dbe38c91820a5,Country selector
3ceaf6bcc071479d520a5d95648ee92b,Auto-redirect
c4e75233feca849fd3ea30f45759627a,Language switcher
dbd341fc1a3b4611ec53cddd99278836,Design elements - Other
16601881fc4e2b5e1f1d715dc8efc255,AI search
aeac5695686b8a56b30445715f1973f5,Voice search
dd30e3958909e6c91c00a786a9ac0fba,Stop words
55c904ea80741a80d89c27af1725ceb8,Product recommendations
9ba83ab459e4347db52be7bcce1a4119,Personalized search
7c7d4b82cfa1fb87bfbb8ead38a1a096,Search bar
2a6d5192b35567edea95617ef145cb95,Custom dashboards
4bdfb20f3d23454b45f5097f5509168b,Upsell and cross-sell
7f9ec1d812f8527f91cfbbfc0d138306,Cart upsell
a71eb39d77b4cbf3d0238ae3bc746642,Checkout upsell
33079f2c71db5050481802a56054fb28,Product page upsell
95754400d623e37221440d37cc2fdfc3,Thank you page upsell
e7348b06f44709f455a4a3b31b341618,Drag-and-drop editor
8d497c7a7cfabf9ff3ab4eefd434519e,Frequently bought together
9e21e19f42862a3b26cd7aae135a3f74,Bundles
13fda5edc87b8687c56898659128b0cc,AI recommendations
285408956b3f87265adeb70ddeafed0c,Click-through rates
3f39859afa29395e6ff0e4bd7e96ca79,Conversion rates
2056ae331a285b4aba73bfca0b0f1318,Recommendation performance
a5114910e57024402fc56c56d02e6ea3,Optimization suggestions
410cc13adf7e9e7225e6e9f6f2a82046,Funnel performance
20abaf9d15742fcaca2a79b389919b8c,SEO
ad17829a3797682ca59b29516f278348,Image compression
71261c55278200a73997aeaeb35d904f,Preloading
5dc5cdeb086c027947b1ca244f5cc6c3,AMP pages
ceb65347d3dad80c96955f6ee572c558,Image optimization
ca99aeeba6087a7e2a6724fbab97a6be,Speed optimization
fbfddc1060d95f41d3d159dbabca2312,Speed analysis
ae2b1fca515949e5d54fb22b8ed95575,Testing
3160bfdc640fb675f0a42cd28ca727f4,Anti theft
c971e0c42248a7fe0bf29ebacd54ac58,Personalization
3d1d9718cd6df6fcc7fb2845049fd43d,Wall art
2d9aa197cdc17bd9f8bbe737b34e7dfd,White label
5399a6733f24805e3867bec8c787faf1,Bulk shipping
370178ac00d206bc2c4b95fdf0ce3323,Arts and crafts
98793b57b6205125825e3209717c5535,Czechia
9cdc126f68260cbddf3a00a4032f0e7e,United Kingdom
c5a4cbb4e9e38db91f4bb965581bee42,Delivery and pickup
134353e42c617674481494c73aa56ff9,Workflow automation
20a7eb66f899ffe51fc62eb5340e743d,Email marketing
526b24a4562390e7c3559bd2c5f6eb37,SMS campaigns
11ce7993d986af524c7b7dc849ade588,Cart emails
61bd933c4f437eae0f4e53ba46286470,Checkout emails
6ebd1fff29a314d03b2c6f91997f97fa,Abandoned cart
c48ae1678f48418b8ff5b8bc5f3c12c8,Browse abandonment
67906dfbbb30296acd5ba244ebc12db6,Back-in-stock emails
486a101e44514d789123ffc901286085,Custom campaigns
d150d160c17ae6ef04d294ecd100878a,AI generation
fc07996d5fa8ed5c4664093e9aa4cbad,Email capture list
f0faf70bb1708f8a6de0bb9da3d17863,SMS capture list
3190ccd3cf0882bcfd58d8fbd5c43328,Automations
679fe1db8dc7308e44404587d0348c5e,Segmentation
ca6c72179cbb18fceff7aacc1d4bd415,APIs and webhooks
2999bae0c43ede7e78607a96eee83110,SMS marketing
b83241054514ffbef94ba8e686b87c3e,Personalized messages
dbdc3324d1222cdd688f6c6550f21f02,Real-time analytics
f5d872977aec840481660952e2bfa5ac,ROI tracking
a9dd43aec72029e3646fbc82cee75642,Subscription renewals
661336fc5c82391d71385e5e02c545f6,Welcome messages
3c422125993c52c5cef9194415c99dbb,Win-back campaigns
31211b6813083b13df997b9e3abbbd2b,Shipping
0432bb666a10159b076c4edce7e7724e,Product feeds
51704a6cacf71c8d5211445d9e80515f,Blogs
f2d792092fa38504913a64696fb8857e,ALT text
2000c322e39dc06eb95ccc2848e78ef4,Website traffic
feae57551f7da68dc340d755b98a0b4d,Surveys
6acbd21c80e91dcadc03a7b982ae63c2,Cart customization
c41a317cb5c1926e34568a8946c57684,Social proof
65726a12cba093fc104514125dd34ae9,Inventory optimization
451dec1e3832ff4986bdf85731acba8c,Operations - Other
e32ec682da0bd743e65a322ae1f434d6,One-click add-ons
0fbeb8d0db5cf1961b1df295ca5cbe8d,Cart drawer
8cc5e514b4ddac8a55218e70b105e9f9,Multi-currency
b85c137f591eeb0796115c9cc338965c,Product add-ons
ab6df32b710c12d9689da0381802345a,Video and livestream
4a5b163198cfdfd84c2836921b474eeb,Shoppable videos
ecf8d188710f7a635f4626b8491aa5d4,Add to cart
177627f91af678a9b03e993f1a91917f,Checkout
e49881f701a8e3f9d8d0964b211ee469,Video widget
6c20faae37d033e5d84fb066e53211e7,Embedded videos
b5d1f9c599d977c7adaa5329590ce9df,Carousels
c4828a94fef50b24583165c98dc3b256,Third-party logistics (3PL)
55364684d194fd0609256c91815da2f8,Fulfillment
24b5033988758e538f13638d297b38fd,Batch processing
ed6f853d02b1abf7db884d1762db64fb,Order routing
4ae4195ca06c67353b9e2df0ddcb5a75,Shipping labels
97f8cd39728128b2d350ea8055b191c7,Shipping rates
a8f50506f08ca1f5ea0123861051d185,Custom packaging
536d0a572951effcb50526c2ef3b7a72,Packing slips
35bdc5b64bcd276d6d5fc4245737435a,Multi-carrier tracking
a5e26c920eda39b31d36ae9aff52c174,Customer notifications
c266f4d012ce89d7ef14f8fe00915064,Tracking history
ca0e15e19f15f161f79bbfa51113e388,Auto-sync
c2929d9488d88cd3faeb253d338ce7a3,Stock adjustments
b64bbc4914c4ef9d832a9c99b809425c,Stock alerts
ef8ecb0d25c45612b93fe075f8784dd8,Multi-warehouse
487e2536df38aec8be0f09fb55cdadf1,SKU mapping
4d253bc95f791d118f962c31b6b01dc0,Perishable tracking
e2b4f9de0c8176723efc70a1141e3d85,Forecasting
4664baef02937124898ed012074925c1,Product-based
218c9a172f9d74ea898f1bce02ec9843,Reorder rates
13d72b929cd22720e497b5cde74f7d8b,Carrier selection
024388c92185c0e760dacace29c6d125,Branded
14f098921bc8c68a8dc0c5529b7013b4,Bulk
e0e1d64fdac4188f087c4d44060de65e,Digital
842e5a39b01fadaead6970f5ff5de1d5,Physical
0ab3d04e471c05888b060a90b4cd7f31,Reloadable
93b52f93f98c8b89235d4b14e688197b,Custom amounts
4544bb7b9c097a5005aed01721ceecd0,Custom design
b991d1fd350e06084a0c348aa00c222d,Custom email
288c8957a9c9af1f62bc4ed382d2ddee,Balance page
8910b270c414a655cb43bc662d284209,Gift messages
41956f1814d60c61a4a077b3feb556cf,Expiry date
aaaf99d0fb822f809193c02b8cf69fba,Reminders
dc968f9dbdc5044586ea77faffacc085,Gift card import
dfdf4b5d81e713604805eea971af31ff,Bulk send
c1dea00ff18e973e494715ecf4bb8225,Custom date
6addaf6cdf125ea5c990039379d6bd8b,Scheduled delivery
18b43c6a536a8fe1362f7a3887936be6,SMS
747030f5d524192fbb2546d058002a15,In-person
f060aa0e3d493f5fd489cf45446706bc,Memberships
963ac3cfab4043fc9ec43754b0c27374,VIP tiers
7b9c9f20c69218ae3daaa7bddd892e5a,Game programs
69ef51b076b3e548f3c5301984daf006,POS rewards
c6921418a12bac519f475c488200849f,Custom rewards
ad2acaa5b24a7dd8e081d734979ccc49,Photo reviews
0f8854ee083d9c176d59c08e4d34b717,Video reviews
f1e11706456526a7702b37d29887baa4,Voting
2906ee44e56e900209e7d3c1d9e6f7ca,Media galleries
8438751ea2261578b409239c54d74b2d,Q&A
9fe8266a931488b2cf447dc7d74a3b26,Filtering
8a74e940a7352c49cd4944e3f2a3dd2a,Push notifications
a9082171e991be1c50e6cd54da8f14f8,Review migration
4ec38c6b2208529c1fadccc7d55d7947,Wishlists
5c932ad18bd381dce83aebe34a011d06,Tracking page
08f350a29adde707de480f268d297326,Tracking links
237c84812fbc620fed9ada8322b4f502,Label creation
97005e56d6ab175cc787507c5aa3889b,Return labels
869b299375bab3ba9331a5ce61517631,Packaging
df2a9cd3f10f712d4ea78c8a84355bd6,Shipping rules
a1ac99a46505022624727863e1d55760,Real-time tracking
460f6dce0dc030e6f1794d58194aa3c6,Branded tracking pages
288682ec5f2450588bb37a4523d11616,Helpdesk
3d3fda6d27901eb5db01b1abde1c865a,Help center
db9a2e45863fea9bfeb21bca18fa3767,Ticketing
6d443cf92106e0f47dee1a2226645e33,Unified inbox
5d42f4e3ca27ee35caea7dae64f62fe6,Promotions - Other
e37b4872659cff2a126c71aef9dd1e2b,Shipping solutions - Other
0e033aa999d1424faa54653a68e113cd,SMS notifications
f313984931c74f2b8eadf9f5846c7a04,Discount offers
b5b6ce3fd078896f6eec7d1c9743d77b,Time-limited offers
56b7bb6871857f290078cf83132bec40,Social media
76b3fb1b83369186db32794e700c3950,Behavior tracking
f4a04f87cabf65ed55a2db9da2159cd7,Greetings
5cc94c4b4d4d5c8b574ff7e2762cf7e7,Color and font
5ceb2341011bf6fe3bf3f0b445e0e708,Chat window
3e148901956b0a10db3bd054e2bcf1ad,Chat buttons
c19fdcf08f7329e1d50b5427724cdcc5,Agent avatar
e828d886d18905b380d5a8e4c97a2940,Swatches
d2ddfb6244e31576b752ec1539a7155b,Bulk pricing
bca1d727a2de564be378b59940c11fc2,Grid layout
330753dfd56b5fba78975979aa7ef9c3,All reviews page
8801bd462800325c01f04d3f1d93f81c,Top reviews
6d72a8226beada56920c9b6f40f9ac49,Product grouping
32d8d5482e46e21d51445674ad93d75c,Email requests
ee4d496e8a0077f218334be955850deb,Social media UGC
f0934703c942f3f6880bbdc808f05056,Custom requests
02aeb8316f736ac0a468160e047055c9,UGC
d68f0b43acf6d58599009d506a6f9c78,Photos
cce3df80f07d36b56db4376a4802d6c2,Videos
74dcb1cec50854d2f880279f3dd19da9,Reviews
a76248268e0ff7271857f60a7e26d323,Review count
bef70943f0129c2508212006a530e47b,Orders - Other
47a005ba475beb95c3072362162f8e39,Delivery dates
f2cf6d4c62a5a7217a9bd4ee2cc0d0ea,Order updates
30e31213384c191406518ee7e77a9bd6,Public wishlist
b21522fa2fe28bb48d2d89c739d290fb,Favorites
5f53ad7130c1f75912114c93ee2cfe01,Guest wishlist
fe0ab1f352a89f35f2f1166b9e81177a,Email sharing
aa063dfd9ae183934c7e62550c1623dd,Social sharing
dc7161be3dbf2250c8954e560cc35060,Dashboard
a13eeaaabe91c316f3a701afe78e1d26,Multiple lists
6c423febc3b5ff4888988a5f707c820a,Conversion analytics
3bf058c83ac7aa13caefa5b7c8d55e8c,Custom branding
889006b1d9bca9422579379c66e2010e,Custom layout
5c59c902b8745d103b89d353b313d9b7,Custom icons
4ac5c21cbb81e207dde05cf47cfb8d21,Email templates
3745ee4da40736b308f0bce3aafdaee1,Price alerts
ca1053cd23251e9a8526913327c92bdb,Donations
02d2a0d415a43392ba9d494116ac606f,Lazy loading
bad48f5d47b68ca3059ac646d0320808,Broken links
262b2f1dccab43671e7ec15165180cda,Backlinks
2d8413ae32cda5259e93d4f3666f1235,Redirects
32ada7f2e41ffd47e8c1f9ec10e318ac,404 pages
3d51dcc7c56515445645d9ab9b7ddaf2,Breadcrumbs
4fbd3a02ad45654e33e1c77f508510d8,Sitemaps
84f6e8888e21b6e8bcb7aaf8a769dcd0,Page indexing
0cdb0d365d2690ebf4e49fc95393ee65,Meta tags
b90f98f95d459843c723e92b647fd380,Rich snippets
4be4c73b2491738c7078200e47d207d0,JSON-LD
2fca04a5772bc5b644e3ebc8ba85f401,Schemas
b8871e4f4c4dfa57bf0f1c267836c979,Bulk editing
97712efcde9ec4b65cd5edfdc3f8c6cf,Local SEO
ccdb94799009ef1334c3af78e2140197,URL optimization
9c3c4f6076e10267aea74e133f413f3f,Content optimization
b81466f34b3401d77e8145f01331d52b,SEO score
c54379fa058a9ad836b60a32f9ceb5bd,Audits
c576a841fd4f333a6f074d68e76a1d37,Reporting
3e8453d23524f2acdf642a5ef20be42f,Insights and tips
0d3fc0616e3a82e00fa0b609c6a9dbfe,Competitor analysis
e2e2f4d4db42213f04dd988f856f9f04,Keyword analysis
7f911d7747cfc95991ee779d197b26d4,Link analysis
cb7e5c2a0e46a8cd9de7ff7ed63db95e,Content analysis
1879966223c3e382e14c6524c84942f1,Tracking
8786fed411f0590d8146d02afda24d60,Rank tracking
072a7994343da07315a2b20f69c1418b,Image editor
7a84bc7836ed6ad0cdaf8644b4ed7b69,Auto-optimization
874f2667a4e02fceaaa2383583b5cdce,Quality control
f2d792092fa38504913a64696fb8857e,Alt text
07f5d2d550d5961d1dd0984fe666a2f6,Compression
f7939afe9131a465782bc0f2d3163922,Product content
85b807452880eb104baa9ec003d6dc00,Descriptions
151bef00012561d5b1fa51ab10913718,Titles
e4d323e241b679f839235153766537b0,SEO descriptions
1994073529aa3570a207c4b4db1d9387,Keyword research
96fb300f2226214043895231ba737ba3,Badges
7057751a6fa47b81e183f0ca2d6e7aeb,Review highlights
ea6aeb050f871384f25fba9c869cfe21,Promotions
3ac96abe99679b73c7dd875c30aaf835,Custom products - Other
c5239c15efa4348f383a318beace6ba0,Storefronts - Other
7eb32977309274423b3296d3ec86b13e,Custom workflows
a22ff2f8fd0bdc74fff93cc251164d2b,Multi-platform management
74da146d30f55093bd3b866f48ba325a,Automated fulfillment
367e362293421b5ebe55d8d8f67968cd,Delivery management
68ffd15c36054f4ca1e022265aade32c,Order edits
9689475262a76e2437117bd1882c6e92,Review and approval
67c7bfe65a86eb78c689d32e638d36e9,Batch tracking
fbd6e405eb75a6e4cd693638a836b405,Expiry dates
a8445719836f2d5e8b51986410e14728,Reports
baf89a3bf20876307318af4a56eb0363,Value overview
cc3202f008364a19822a1dbc1f314fcc,Stock reservation
30a28afc4504a676c993fc5454365097,Purchase orders
9213feb8fa3f9db3c8e20cef03969e8a,Revenue management
2e400b88fb312b30d35437b13ce8464f,Tax calculation
baf4e5710fb31b6fd484967dbd68ae2d,Advertising - Other
8782f50e3b71563ab0af37a3e24436ee,AI insights
d74b156625fde8119ec73033d8fe81c2,Analytics dashboard
a8d7e74021d7810e95986cbe621ef2db,Benchmarking
1fe3c49667890ed3dbe696b432bae797,Data export
239ea8364e82ff2964dccfcac57bed90,Historical analysis
5fd1434572d4fe4f2dda7aaf34e1f89f,Customs documents
3a114920d7c71cf59fb8d2cd98ad69be,Pick lists
d4e10643d6f384cc6ebca441d60ac6a3,Shipping analytics
abb6b07d5252f736b5de0ec477a1f34e,Announcement bar
72eb160a23c1211516d69d3888f4fcb1,Multi-announcement
b2c381049ef00c052d5a282c9b0fdc68,Product page
3867c311e17f8116d080fd6bdd127edf,Promotional
4f6f68a9f66cbd4f1ac6ca3362bf6dc4,Countdown
e7f9edd379f3c1efd8ec5900f3362939,Banner position
14064d8b89a4c31e8ceeb9888eb6f50e,Sticky display
9774b58fe7666a2f4511026192b8b624,Links and buttons
e850f8eeae83947d989e289d94a012d4,Backgrounds
b320c82ef61df96cb37e09e9534c3994,Geo-targeting
ef5f5a4693cdae0bf41740f40430062d,Performance tracking
4ea30826c952487d5bb56630d5fe7353,Progress bar
4e028183e5b92532af4c34d574a7fe87,Tiered discounts
02860a26a302c39033aff6a950d309bd,Warranties and insurance
c0929b3e3949db6ddb94c85c93801590,Product details
e5200a9ebde2f8b98d184536b9973702,Barcodes
eef49988429fa49482705d0a305cef08,Multi-channel
e79a53aad6ded5e52031fc773a81af98,Custom notifications
425acf6aca36402cfdbbc8cb3130f316,Email alerts
f63ef4bf842961c74c732431d6ad18c6,Historical reports
b9a3e286f0f5ac5ae6b27141a756a31c,Inventory alerts
9166aeb98794f3ce917544dd5e0245fa,Low stock alerts
a164e3a28eaaf9323117f0e3ba10971a,Performance metrics
ac9ab6fd84327528f41b98c1ff300d46,Real-time status
5affabd2dedfdb45a0583f8ca614988e,Detailed logs
f2d9225def45dceebbcc6abbff2753e7,Store locator
bde0c15b7d435437851eeda49ceca9f5,Carrier-based
f1ccc5718c1842a06444c9e33c26eb01,PO Box restrictions
a0e7e21e4c5785b0d7c99b64ff5ae845,Delivery date
de5253487b6746d91be5f892f78cd932,Rename options
e03a23b0bed1209d09caeef015193da6,Dimension-based
95ebb7b5cb045daaba38f3036c5067dd,Distance-based
21a56cfa1eb744692d1d8c1022157cb9,Quantity-based
455996c7acd4243787d5695bc65ee831,Weight-based
faa1e1a489b1300173193fc5c8eda399,Delivery time
6e672f34169584b27a2c01441b70c074,Credit notes
0b9abfe67cc31fcf1ecd022eb19a5216,Collections
4b6f7d34a58ba399f077685951d06738,Customers
b3b32a2d422265cd25c3323ed0157f81,Pages
c00f0c4675b91fb8b918e4079a0b1bac,Standard
efff7868ab542964cb9b3752d3ab0357,Booleans
62848e3ce5804aa985513a7922ff87b2,Colors
45b963397aa40d4a0063e0d85e4fe7a1,Files
466deec76ecdf5fca6d38571f6324d54,JSON
1cb251ec0d568de6a929b520c4aed8d1,Text
ff3afd5184758fee28f3683303ad728b,Ratings
44a2dc91e1e21b653fd7ff6c63eca555,References
45a82579528dcdc6535fdcb693a36170,URLs
13a719c5df42f51cea5068c2c68c5afe,Bulk import and export
72b3bcf4ebaca888bba0dbb265043b87,Metafields editor
ddc30c27e819f1f728ae56df684616ad,Variants display
270e2cccd73edda0d6830b08bbb4c9cf,Image crop
e32054ddccdb063b2ce610e45943cc5b,Image rotate
2d00721e59e89d24266c9cdbd9f10c6e,Printing
9b1a2b58c2fe475926e68ec6c145b0f0,Nonprofit
3ef9866ca3e069aa333bc64547880c05,Fundraiser
ff5c9d085b8440b3d1e437f1b9c8b6f4,Social impact
8db7cb8fb2880c6f940c3c2fc7e13bf1,Custom charity
bf6dfb38a4e5fdd29f5119a06b502497,Auto-processing
8e47496c0f0597e49e44a7bb11e830ef,Donation amount
ae6c47d36b4b66065b731f5ec7feb8e8,Donation goals
1a4edad6d12ca815bd1d054e9e40e047,Impact tracking
126c4c3261a922d852dd22f709c392aa,Dashboards
28e9f3ec2f7aa6a58d032949635f50af,Landing pages
e8e95cb00161eb9c8bb2acf315cdd01a,Live counter
e10bef270813429f63212bba88953817,Donation widget
49a851a71e986511a97161483e56153a,Single sign-on (SSO)
d970728376beb137057865c63baa822f,Profiles
f8964eff8e6d68aa2b2220e5badbb4c6,Custom fields
72e59acd270bc9bc46665af5ca556a7b,Animation and effects
0a80182bc468ad6b33fa4ce54e6a5e93,3D animations
538174bad71cf21fc712884f7bf947b0,Custom animations
3a4b5f2f801ada677ac11ce2db032f1c,Autumn
2f65bdf17be2b7a947001357379309f2,Clothing and accessories
4e11c508a36efe8a3d367fca119d308c,Bags and luggage
586f0f8179a64e6b8ef769bbe0111498,Home and garden
d70327a3e69d233888f124446a8b00c1,Health and beauty
b45a082643f89b5819472328c8165007,Food and drinks
9ca91fd2ee5f4b463d11404b9c84803c,Electronics
f48fa4f21f0514f89b7faee92a13f10f,Entertainment and media
5ed43e109a195a556bd731c473b02165,Toys and games
f18d0e38540a9a6eb5efea79a79185ac,Baby products
a99595871c32ce92a0d999ef4d364446,Sports products
0b3cad6c322744d3c4c2f829fd76f46e,Pet products
fd87f5969ecaa22eaca667dd742f916d,Furniture
c6762c5ce2bcb87456a6886071fb868c,Business and office
3ca14c518d1bf901acc339e7c9cd6d7f,Hardware
6103120d1f0297588b95b9ed16b90863,Automotive
e9bbbf57c6b87e1a3dc916e99abc82ed,Mature products
fb2a54d637484c4ca8adb2343237b89f,Australia
6cd0c266688a7a579874167d67c74a66,Austria
8a7d7ba288ca0f0ea1ecf975b026e8e1,China
e165d4f2174b66a7d1a95cb204d296eb,France
28ef36b35ae8cb1f542578f03408b512,Germany
ca35b86f97cb7ab1570ed3ac601ed5a5,Hong Kong SAR
a66f852274a441f4f9676b070c0c64db,Ireland
3f8454b7f2c12cebb1622b6b0dfd1021,Israel
bab4ac375adad13f5693f24fceab7903,Italy
482afeb462daaebce1b4681e1f06b3c7,Malaysia
ea14e587f5a8de7bf3975099762ce583,New Zealand
e6e6854f6b71f43039d3994aca352307,Norway
c894df42aa06fcb0e8e3ff55b71b33fd,Philippines
ae0eea6eb6d63f98da42de867c47a0f8,Portugal
5318efec44d163ddaa345bfa15279413,Saudi Arabia
3c6cfbc2415aad893733819108cf892c,South Korea
1747d4b2dd4bcd666e2df31563d22dbe,Spain
88e52ee42fd090896f69d0d71e339d94,Sweden
0d9c575f4f0260fe0274b318cd6a9e34,Switzerland
31779ba135934ed036644deb47eb1e54,Taiwan
8689391a8b93cd2d55ccf3f436eef4e2,Thailand
8882cbb50c4172662cc0d08a89a4ff29,United Arab Emirates
152649df347ee2891a9eacc883e07d17,United States
5f8f9e33bb5e13848af2622b66b2308c,Vietnam
6f0dd031a1704974ba78418bb2081c15,Activity tracking
9b2420fd216353a3e7a16c041a0b3178,Event tracking
34bbf6548051c848088785cb2aee9d01,Page views
eb5310ecb3b4ccca86706520fefac1c4,Lifetime value (LTV)
8affebc244e56e4a18918d865a3e5f66,Cohort analysis
e95979085cff002595dc569b10f183fe,Marketing attribution
884fb85ba178b92dc48725c0cd97f4e1,Profit insights
6297fa084038fb75eca3e1f2bd252330,Purchase tracking
a86525c16e450e02f057023b7942dd0a,UTM tracking
16a56563f74f22058f280a8a3c448b8b,Abandoned carts
50b15953707d65b3a1b935719a3f9ca1,Pixel tracking
0421ee4fa842b82970d5301fead5ce73,Custom dashboard
19884a9b6a4f9a8344699c1e63c7ab14,Multi-store reports
ddab2370fbb8eaff03eadc88df94ba77,Custom reports
5c3ae7ab3fe536d912b604a7f0203528,Report scheduling
45b1a56fea026f791a37724f41ce875c,Cutoff times
c82454d4aa97b2abe3f0ec8de1e60b22,Preparation times
40f9c792412738fedfac2322844ebd49,Curbside
fa21fe6307725ff3405c062b3cd43ddc,In-store
fc770b0b1ffe32ea3ba8d01c74376b46,Percentage discounts
580723f4c9579238a0d822d97447acf8,Fixed discounts
1de74725cc81017af6348f887b473ca5,Custom pricing
dd8c414c27434fac71b9e242a3e625d2,Auto-repricing
72923ba4176f6b83e889d177c7382878,Scheduling
aff0f2c5169f8f76a44cfef84b846611,Product bundles
81ec73f5e7c5d541c3a644a01d615c73,Upsell bundles
e81b5c285a01f22ff02fe40ca04e0a44,Cross-sell bundles
8eccca6f890601e8fe1b4d09ef656273,Related products
9fbe264a962b3bfa8834ed9bf4a16e33,Flat discounts
40044e5f504a3c6d70216b8618d6b6c9,Redemption page
2d5d14f95af035cbd8437948de61f94c,Subscriptions
effd19bec2c013aca8af93b3c8d7224e,Stamp or punch cards
b4e6d54e333042b19efe280d940dddc2,Gifts
9e4b5233e5b3563b35909908f8318a68,Free products
2fbf858aea528e022a745cebee4978b1,Commission
0a0de35cfd4df3759cc8ef4a56b8e500,Early access
94ba1da5d675799acc9bb55c1cfd6718,Exclusive access
7944e3c7f596b397946c3699bc0a3f92,Membership perks
16908b0605f2645dfcb4c3a8d248cef3,Events
10cd395cf71c18328c863c08e78f3fd0,Services
ab2776558854fa3c4da9f2354b04716d,Variant bundles
0970fac1bd5524636c94a0a297428c36,Tiered pricing
fd5513eba7842b1314f1b739c590759e,Quantity breaks
84d5eaf713c96eecb3d2c4a83e64dc9a,Payments
e5024411ab002c73a54df3a97f8150d3,Gift card abuse
19797a8b3f502c829289e595ea7a2683,Navigation and menus
0a6d6fd887b1ca9fad606b1d1e5372a2,Mobile menu
aa6fb71b35756f1b5317fa476b911c71,Story style
bcd19f874f0e214d01456f7109e2c381,Badges and labels
f41590ae76e079d07a3b17da5561c253,Image size
0ee5dd224581de82e30f51f369fa80b7,Badges and icons
8b9035807842a4e4dbe009f3f1478127,Custom
840bb7bb534cd9ad88e1705909bbad2d,Product features
ff7c392e6c4e64324842a0dd7c5a6c8c,Sale banners
2cc6b3e6c0d251abbe0b098b15038bb9,Borders
f7bd60b75b29d79b660a2859395c1a24,Size
7e7edd1ed665c87ef8e83529841fe287,Manual position
7bb105ad41ce9415f9c150524433996f,Collection pages
251d164643533a527361dbe1a7b9235d,Footer
099fb995346f31c749f6e40db0f395e3,Header
ba3988db0a3167093b1f74e8ae4a8e83,Homepage
a37a925c183b05ada35cecdc951986b0,Product pages
1b62c12064a0f5ce013f23bb6f87a773,Autoplay
3b304712153340e5777e7d6307f4f724,Interactive video
0e08bf01b8db0bcb1c9dc5d7e2f83d70,Video import
781ab9ee498ca43c621babf98be52324,Video background
3be346aa9b9ae26f7f413bd23af4a140,Video player
5b694e0a4dfe6a31ff6d4b5ae40f6433,Reels
4fd75f87e69448aa87029f924655773f,Shoppable feeds
88f6ce0e78277add278613de508fec04,Engagement tracking
bcb117970a418aa775311ca02909092e,Product warnings
77a8d71de212e28d076adab8263413af,Terms and conditions
223e096db6189b7c0682cbca5d672d3c,Policy management
687efe33f2b9aa7c6076cf75c1df808f,Pricing - Other
526274f1c363017380c1c4d247e6ae05,Order lookup page
23548924e20199efc2d275fc0c730715,Custom tracking link
18bba49526b1210d7957e3bcf0e093af,Translation
5986810947fd9edd8d11a6cd3ba9d019,Estimated delivery date
7054b12370d569788454dfee27822515,Order export
7253488fe4229f16babf8e708e473ae1,Multi-carrier
8a5da52ed126447d359e70c05721a8aa,API
954a3a06c48a03a5443ec8a070161d45,Carrier masking
331ba84d1b767985a7dce852cddb617a,Real-time notifications
97ff895e72d7b3d148cdcc1d0205da6a,Shipping insurance
0efe95f3e8ad32990c4ca86c45e55e51,Security - Other
8dec6ef8b3dc035e0084c3970eb50905,Fixed bundles
6855802267b79e1424a73f24fc958d8c,Physical products
3738e3ac21cd76026c9e33f886145b6f,Fixed pricing
868da58edadbc602958b469e43796c62,Volume discounts
e16a90abf242cd5efd32b728e71bc524,Cart discounts
2c8ba15943a156e76c46453187075cda,Checkout discounts
62c9243b9ae0b5159057660c68a7d515,Limited time offers
a57da4024d4e1493e15a029381354328,Targeting
7083a19806d3d0e94bb134eb9cec3403,Tagging
ddb6b110c7e0a5dee5c3506cbe27b96f,Dynamic pricing
61fdc5eb8ccb102c6ebd950b89a91938,Loyalty analysis
1f87b2ee3a14e5b0f1a285dc30507e3b,Checkout analytics
46d8530d836240e678d252a4efdbdcb9,ROAS
c5409784d9781f9e154013effa3b4629,Funnel analysis
f37bd2f66651e7d46f6d38440f2bc5dd,Notifications
38928c7cf10fcf2455d4e1b30381e11e,Private labels
29d337dd3357598d5b6f7458ce05d010,Mockup generator
11c7ae91e0856f738f91a3f9c95861f8,Pricing rules
7a401d5f93f4131d39e6c14910e81d2f,AI-powered rules
4f078fd1d49ac0f3649e2f85def1ca1f,Price tracking
c2aadac2ca30ca8aadfbe331ae180d28,Canada
3c78b35502b2693fefdfc51cba3a53a5,Manual
bccd1749fc2f1ef02fdc62280cd40df0,Announcements
8d5f2afe7f6e5fc1eb198b661de0d52f,Custom style
a1660eab00db5f37ea6487d65b068a40,Shipping method rules
13f5e57396a11a547b31ea0b494e8e2a,Payment method rules
6b6db8462e693e1765e66b4580daaf42,Checkout - Other
2220f810f12333885ae07a31cd1ef281,Mobile app builder
137d81930b89dab1abf004c7e5b8b997,App design
73469bef95dee724dbd5e4da1802c1b0,Real-time preview
3f1d258f31b074610eacc59416cdc2b8,Personalized
ae2d0f5df9031b069f22d86387954f7f,Rich media
7a09bd17e10bb19bfe51e87b74caa0ed,GDPR compliance
a9bb50547acd911a486278929413c569,Taxes
40430f82a1c45fc6306fb212acaf1d54,Liability calculation
ee0de559f31341d965bff3561a99f694,Threshold tracking
4abe974b93b44dee4810a7913b2650d8,VAT invoices
c8495ac0e07a970224cf739804015299,Tax rates
80f4e239c315591954603a506ccbd5ed,Exemption managment
5e7d1ff29eb2f335d0a21f6964478864,Rate management
0cd4a9fd2dd1ea00ac98edcd25f32679,Tax registration
bb3f93ef2a441abb48ac7a3520b6004c,IOSS and OSS (EU)
76e70fe902425ad99fbbbd734d9526be,EU (VAT)
8ccf4374d83cd61389c16826a920a358,Compliance reporting
33c3ca798ccfcfc18a342a6d6ea71b10,Local tax returns
71bee43a7a930f904d6194833b9619c9,Countries
06b5beefc3dc34a9c3cc9d5f84585461,Label customization
2deb000b57bfac9d72c14d4ed967b572,Ads
c904426c3a442cbfc7caef597cf4a177,Ad spend
121cb6c44c7a64740c6cd3c9ec6df083,Engagement metrics
8932a0eff965cc283d370240d2b7baef,ROI analysis
1a6b27ace85a7434db0af9b4549dc032,Cost per acquisition
cf3c943f5a42b9c3c15c12e95e0cf0dc,Impression counts
228ad9be0761a689127bd524fa63cd70,UTM attribution
ed04d10eb2d7aa1d3ea5643fb4a7b241,Traffic source
3a7d4d91a45ffec9c395cfcda076760d,Images and media - Other
a434f46aa79bfef92ecf227e9ee704a1,Automated
8c0981b325456c8023a01639bbcb9f67,Pin products
012a1df99ec6359197f8448947586beb,Push down
2bc960e8949dd6341041fc8e1bd68d38,Hide products
1a8db6803e8d1d917035fe96e86c0de4,Real-time updates
1f982d988d45344bf00cd08220780a1e,Segments
807e10dbd987806bacaac81b382aa2a8,Page builder
4edfc924721abb774d5447bade86ea5d,Mexico
ae06a7916eca000de400e9320a539574,Wholesale
f1349437dcbbe54d917cee425162ef43,Pre-orders
413e56597e71a9d1f00aa0441ab79230,Bulk processing
4fb784984b0137e6591e80a2bc7158e1,Order status
9e321239c860ecaafc653655287fef72,Inventory status
b1045e9c08008957a11684b8e01bc01f,Product commission
d4424d1183cb8e31f03a4d34062edc16,Custom links and discounts
b324025a6d3c316fdd282d5c80c3cc82,Notifications - Other
4616f1bfdac405daf703ae746291cd80,Digital products
7973ec5e66a45146a84aa2e5b7190bee,Recent purchases
b01f62a98fcf40638c479ac55ce1ac5e,Heatmaps
f2613ee5e6671fc93ff41adcf6fefc2b,Animations
3bf13957510875ce75e249e2e10ad00f,Styling
ee6066abce03009485e1f5360a6485cf,Embedded forms
8066d6db65a7e4f8df5decd21d04cf77,Customer satisfaction
8e391d60d0f67db0c23f40d89650b879,Market research
59d9f0ec312f734b99db061ab6c94a30,Net Promoter Score (NPS)
43880ae961c761b029edbdabed60bc2f,Product feedback
1b4cf5acec788e6b91aa320d73a5bed2,Post-purchase
ed90ee36016a83147f35d798139d6f2f,Attribution
c3e17d504c6416c89582311ae3d5a359,Customer segments
14b2708e57989680c132ad37423019ae,Visitor IP
4e67e49b900f986853b0f41237928ed4,Custom styles
39abdc6aec0e0ee86377d2e3a4bb18eb,Multi-page
d59b4685f3c624a6cfa3e1c267d2a4e6,Address validation
17b81716183a588b0f86527a28f44970,Barcode scanning
aac5613e63a69cff4ba4b97ebc29a1cc,ZIP/post code
fdd3f0e0e693deb06c064369900e3042,Multi-zone
991ca1b85e2fb5d0f1e386da6000a352,Bulk discounts
9c514e654794791493a9df6b627edc1b,Testimonials
83b87a4abf72d8e25a9a5fe0b636b755,Gift wrap and messages
9637edea756c3560fbeb82c4d1422dda,Social links
6647a8be86ead7edc967096db31ce7a6,Warranties
eaa41eb977174766f0f74ac97689b464,Shipping protection
9d96e4f38e931d7c09f0475ea0a78557,Free gift
12dd437801b90a91a7281aa5d45e2ca6,Subscription upgrade
017b7b4cf70faf567af003f4f9f92455,Priority processing
ea919e0f5fc9fa4e35ee2caaf71d7641,Device-specific
b8077d6916b7e2557bde38f171e07c35,Custom pages
01b194f8b1b942c0e9911e230c85413e,Cart page
de2830eb998a2537eedd646c3b6672d9,Cart pages
6a7f245843454cf4f28ad7c5e2572aa2,Elements
e728073409a09db15f3b1344bca4ad57,Custom code
da75cd652254fce37e953d7f261f132d,FAQ
eccb90d293fdd2f28d0b08de9e035717,Sticky cart
c93517ac95389eaa0b6a480390f51dd4,Shipping bar
2a0f14ed9748bdd03d2f9ea2132b9507,One-click upsell
9e09f87be3b22c2863810ee2a9e72490,Marketplaces
a5ca0b5894324f8bb54bb9fffad29d1e,Audio
0dfcce752715c464ccdae8b2acc9e348,Courses
2d001c0d5788f276107442eb62e0819e,Digital art
164c57815c8c89c9c9d8ba89104082d6,Ebooks
9cfa7aefcc61936b70aaec6729329eda,Games
8fa5166b3faed1714d0938ed373a0c9b,PDFs
f9fa10ba956cacf91d7878861139efb9,Software
f033bf726660909ea186a869b511dd18,Email delivery
2da68996f7f7d6aa66f13674a93c782f,Bulk uploads
6acd743d7d2fb9d4723692b45294b659,Thank you page
4595e6e91e9521a11f23ec2187de43c2,Download limits
abb0256a318439745ab0b343d64b9ba0,Streaming
5da01456f943900ee4d76d9683c9d6ab,Unlimited downloads
8ebfe0c5031cfa1d3bcca5be2116e5fe,License key
b3230f212f048d3087bf992923735b84,Watermarks
81a2de3e3c3413187d3620eb39f04114,Digital goods and services - Other
34d955a0df5f7af9c9b4e4dccb3c3564,States
a66b311547bf3da88f01139271d5bb50,Cities
2241bbfb8e26f6de627e38a1bbcdc9a9,Bots
59f9536b0aa21a81c28d128d9f5095fc,IP addresses
607800ffde72cdd81a9ccee8dcd13b70,VPNs
e2a6fe7fe7e3bc554e51dce24e3945ee,Proxies
d9a726e6080480da3347b7ec40738d38,Whitelist
c4f4822bbc73295d65b9ef26a469039d,Order form
7b9abde8ff2dded24577c48fde5f5685,Product visibility
4d6f33b5867e8e8355a647d5c31a2e2c,3D/AR/VR
ea8a56220eedca25d44ec409a44dc338,3D models
71ff3e70a726b2b8b69eb9ad8873417e,360 views
3f07c0296b6963d432e81b69abc59f8a,Augmented reality
4495e00315fd2c160e9a62918d6df261,Embedded viewer
a88746415793af725c3bfe75fe18bc51,Live previews
1d0dfab568dccff56b5703067c1149eb,Product configurator
8561496d3383ce56894afb78458502dc,Custom products
c5e62798e528da9080811018cbb27cd3,Textures
445e3cd1032b85fa7ad15d00e56c3d43,Hashtags
ff4a3a27b91245fe1873f0298ce71791,Liked products
05c2a4fc3f091901583ba6065bf3acd0,Custom layouts
71adef4d1beb05ae2cfa67013ee33e16,Image gallery
06d3aecc98edbb4cb9566d03d551bbb6,Carousel
141244643f7ac843aa9a098a826ee282,Collage
8ecd03a2c51b60a4b6ba6cb14e2c44a2,Shop the look
5031056d6ed6c5d836d226a98f306d36,Lightbox
3f6d9d79e59892580122e0a8bb008c24,Masonry
ff4a008470319a22d9cf3d14af485977,Grid
f1965a857bc285d26fe22023aa5ab50d,Row
10bf08f0bbd6689475be65b4ae441bd9,Slider
421b47ffd946ca083b65cd668c6b17e6,Video
6b4aeece714abf706fa5b974cc5a9a41,Captions
192804542a0a3d7e4f4b2738986b0e73,Image zoom
17a8a0361cf8475e73f0709ae09043f5,Hover effects
718138c57e582b9bbdc532f38b9813e5,Shoppable tags
07b9da50c398df6ca82ac010d7efce65,Content scheduling
217feae2b5eb6319070a45acae29a384,Design tools
0bc35abe076b556b0a11fec747bc47cb,All-over-print
756cd5d310fee7493902ed7e1fd40c92,Global fulfillment
6d02452524576a402bc6f6a564d96d5e,Multi-shipping
d8b7bf495931c0d3595d39b3ffd2badb,Inclusive pricing
6da8c9e2732fa8d24c7da01bbacdd3de,FAQs
3a4d9ee2ee6a3ab742038933e5648473,About us pages
33ffb67d59b18656da101745f19631b1,Email campaigns
509f8c419805dc16e7bd457e29155ef3,Newsletters
bb26941a5a62380c637b4b5ee63c1b62,Rewards
b7c73fdd6d0b6e6c84539906506349fd,Upsell emails
16b4a3eb369f6129f9859492dc858e68,Cross-sell emails
f1206181cc8e9e72a8fd8c830c0c87e3,Exit intent
876e85ed3e99f800961b4e1c0e4c96f3,Welcome emails
7fbbd4b1f4f637b458c6baddd5f05f5b,Follow-up emails
1a9ce5136ebfdff495704dfa0e713ab3,Win-back emails
7c8cb207adc8a7ddfcdd000b1196e730,Drip campaigns
86fc480d0f9481d7d068e259031b314a,Email domains
7fe157a9e6d2d67410626a5d12b9aa1c,Triggers and rules
3338b93611000c12bea41bcd7e9ad8c1,Retail
5dac94ca66357ecd380f91050b01449e,Onboarding
f090e0dbb7340014007cba8deb225486,Self-service portal
3d18b53b5ecd1faf2f79aaa5bebea600,Time tracking
f98107e8236923961a3313278dd81d60,Clock in and out
42be7b44a3cf0c02693222d6865d222a,HR tools
faa3a862693048437c34819ba5ff4f7c,Labor costs
96d0205a001056dea02f06b11533f4aa,Payroll
96651063c0f49b7eabe021a8e21326cb,Remote access
bfbb44741dcc4fd37363dd712d79067d,Task assignment
71b53831e12f0692d1adeecbdd08e358,Team communication
a7a155e3d6d4ddff1c9c79dd5be70bf1,Time off requests
092b0f31d30f424ec2c7c59c968ca6d4,Staff permissions
35337f1232b9b5c92996e059174ef735,APIs
d38fb713698fbb76f7979bbf3fbed060,Multi-store
0da70caae9307d2ab93ba22dcae8e03d,BOGO
708943794c35c4dcff75022da82696b8,Wholesale pricing
3eca23c4347d72dbd3d0f6271f45c313,Countdown timers
4aadf562b67ff1f67883a9fdc3c71dff,Upsell discounts
68b48d6f32f37449785c1026f0954854,Cross-sell discounts
c6d9553f690344084dcd1f7ec93e5ab5,Custom discounts
eb0454cc7c4e75fbcd7f68e55fbe4393,Custom fonts
b7da5f533099b2e458e7c596e8084102,Colors and fonts
56d557905a5ae2e9df8591f7d07470bf,Custom position
facfdaec4298a029c633baba452b268e,Sticky banner
2ae417e1074d1eee4935f77e06b66280,Landing page
9c9d00795a205fe4c4d426c5233d30a8,Recurring
638a6d925c422c868b28b9562498ea1d,Scheduled
867a70030098080d09fcb2dd4d1a9adc,Date range
90d79e993557e69b472771c857a64070,Event-based
f6755a4fc81fef6ed11698b9142ecb3e,Fixed end date
3d004881a3f246c4879ebd2ac8713c26,Fixed minute
7711207e12d9d77d7d1f09d8c2ff1772,One-time
8ca27f1818e5a8a66a22fa6549231f5b,Timed session
0caa9a5e3ff7a046d46a5e1f436b1d2e,Daily deals
796a39fdf56e4d97d6e8f6e0a82aa685,Flash sale
ea349568f4472f1f63aa3ed9ec7099d7,Time-limited promotion
c2aca4338baa0270267d8bf0279310f2,Expiration date
c5f43f348134ca30710621b187e072ef,Special event
6b8d16dd954d53f332d0731813649544,Product launch
6abd5d6b4eab0b8711ed45dcc76332a2,Store launch
501b9cf223345b997a239c40bb550665,Flat fee
4b5b831f0a10fcf0c576a2ab634d861d,Tax number validation
fdcb40b9e182cd80c899f13e45529aa6,India (GST)
63b7733a1a1934ec80dea56ff60bb46b,"Canada (HST, PST, GST)"
8d337d572dc332369cf752aaddf73d49,US (Sales tax)
e4b27006f0d503c5266d115be667b589,Web push
db171af0685d8a204ab2b549734e70c5,Cart recovery
399549216a2c5c28e1463ea4b0089200,Back in stock
ef93ea40a9df635129a3b3e2b1d2511c,Custom events
c0b71ad42b887f3ac7e563c2f3cf43f4,Flash sales
e93e32239ecd84ca1b85f8b2dbbd8ebb,Product announcements
c288842a359c3f32514f07b274d85a92,Retargeting
3e3e07e4e25194e86740b9233cba9ea1,Auto-notifications
e80abe496cfbc8ec39b326db8f316fc9,Manage preferences
8187945d4e9f25aa2f3f51f25b89e79d,Subscriber list
bf4eb826a214dc935177144ab6202809,Opt-in
13a3de50060da892f87f7ffe7eab6077,Personalized campaigns
107489623d31197330592f3e1d746779,Web push notifications
11f05500146b0335327cda0de4d9febe,Opt-in pop-ups
ecf0a18e4a99f063fd048887bcf2d697,Automated workflows
05c354042df5e8899831ce330f59d313,Custom discount codes
50abf9b68b725787fa55b06dbe087e92,Triggers
cd0ed47d0493cdc357edcfedbb852125,Targeting rules
8cf30b9a01ba098c79f104ce133e1994,Bulk printing
8a423a9814fdfbdabfcce670b9881822,Multi-origin
9a8aa837a77b5b4b0aa918a11a70ca64,Cookie consent
2530a180926bbe311ec045a36232fc05,SKU and barcodes
d57ac45256849d9b13e2422d91580fb9,Tags
775415d989c8eede7f51be830ca537a3,Bulk deletion
3f21dd8a9e5737ef293b46141f6f5e7a,CSV import and export
bc36c0fe6bd912c1bc4fc2dd22fe35cd,Localized feeds
618189e646fbe08b0ed0e0b982ef3a6c,Store updates
a952d0447e95cfd17a46acb658c8a4d8,Target-specific feeds
f53dfb8d17f902ac6c62e30a1823ad9a,Performance monitoring
5bdf74912a51c34815f11e9a3d20b609,Encryption
82390d936732c2dd631811213bbc1caf,Blocklists
8ba98ff415d8183d1222a7bb55463690,Bot detection
3df36c2730cd31b26c548969748ff683,Visitor analytics
2ca156c174266b69ed8b06ef0337fa71,Stock replenishment
08061e91a1f0e004c4358012487c089c,Cash on delivery (COD)
a3c8d64f267874df99e1a76ff9ef23b4,Fraud prevention
ab493470e0b611e6ef4471aed236cca0,One-time password (OTP)
be88fd5b66f998680308bcdc4a96e2ed,Phone confirmation
2f06addf57971ca9f08e1aa5d6d89557,SMS confirmation
1bd0a9219c8331bf2e848e4073a5172d,Product comparison
f9acaf912b63febf0bcf7a9e4d298e9f,Comparison table
73fa01094ea6c89f1f8efbeb57037499,Belgium
6e5fa4d9c48ca921c0a2ce1e64c9ae6f,Brazil
6f08c5ddcdd0be06d83aa3e0e3d5a09e,Poland
618607277b07eb563dca5155141f5956,Custom templates
404e218d27fee49e22248925f3eecd06,Bags
5bf0648c9bee483279fb242faf5b7477,Blankets
2fcbff5f9416f04eb81b1b8faa01eeee,Apparel
8cbdc8b7506e0eaeb9025fd0150972cf,Embroidery
f4efffe441219c8e6e7c2980a2b94160,Hats
1d5380a0f53d4dc83120fee3f1ae15f3,Drinkware
71d398073737754f04e8e17053296d51,Holiday gifts
53737befe43aed975802de4629f7107e,Home decor
feb633e767888937665fd19e37c60c5a,Laser crafts
449de323485c7ad045f6af2e284cd81b,Jewelry
f6ba901c5019ebe39975adc2eb223bef,Eco-friendly
92247aa9766c9c6deebb28f078f75b83,Organic
0d0f1e8bdcab6977a3f19d05b12cdb22,Inventory tracking
841fead1e043e29b0f01e8436e5c05be,Auto-restock
36ecf88b510fd24c7de0eabb7dae1b98,Inventory planning
ba0a2348607d05fecb1b52c37f41a650,Auto processing
12a80841b0e3a7a463a40a8f0afc03ff,Replenishment reminders
e74b3dd7f04dc77428e21b966cc508e5,Out of stock notifications
d985c03594f5f476782b0eb66d7458cd,Insights
6651908b7607ba232b3a94e9d6bedab4,Automated alerts
035c6301d3550fceaaf10f1d76bd7fa0,"Buy more,  save more"
9f3f2cffaa24c2c510edca3cc3615c2a,Free gifts
99b0e21412a32d7ced1a18f59eb04df9,Hide express checkout
c7f1665c1ae5c2a565f31c8949910918,Skip to checkout
0cfd653d5d3e1e9fdbb644523d77971d,Notification
5a4f2c331ae2932776e4a83a0218cb30,Personalized recommendations
f12c2903efaf4e9299e311bf6c5e21d5,Campaign targeting
8dedeca281a858677230a9750e3b1949,Behavior targeting
b140af3d7bfd40d88d0661a887aaba80,Behavior
1d5acd916310625c1cc577c786a7cc4b,Automated campaigns
14046612fc1b1663c1fc747c15497e62,Attribute filtering
64f11d2ba9d01e56b2d528c150d9922f,Attribute mapping
a6c49a85dc641cf3b9d1c8e59258d5cb,Custom formulas
ebd347d0ab19ebdfecb4197ae9a5bf7a,Custom labels
a0db8884794139b92bc0ee62f6b66a76,Local inventory
b1fd302c11a8db42b87c3871f7587dea,Variant sync
ef561a0d15c161a778c9640b8cc4c232,Collection targeting
d310242a4957d7ff4abc601761deeded,Product selection
38e05f13dfb5a87ca79771791ae1d554,Inventory support
e24a70a1ed8115a3971870f15d96ef0e,Feed optimization
3e4a09275da3dfecd89dccc00d31454a,Multi-format
dafae2affffb92a39288bd863ee4abda,Preference selector
68a1892f06b7bf70edeea1a0bb6a1ebf,Consent logs
f803b88f9f226bd8a804bcdc1ca48a59,Consent expiration
60c2abfc136ff16520fcceab6c315aa9,Cookie scanner
97c40086a46cfae8ada3f2d16bc708bd,CCPA
9339f20fa15e9d17ff6795a07c7aa2d0,CPRA
73d14e85b1e1e754c6cf08b2078a8a7b,Eprivacy
a9f642be9c8f5ccd5ab42f157ae18c5f,GDPR
6f1c25ed1523962f1bbf9dee9be5092b,Animation
eddb0ebdeca7a1c9841dfcf39b0abc19,Price matching
07a6a3e9a0886a80deca0fa377ce7c76,Auto-matching
c327eba9acde898bedfbbc30e3cb85b1,Price history
7de8235f4e9cc78005284dfda2db1b21,Trend analysis
a757b88370dc5e38ef277cd7170b57aa,Competitor tracking
73295b02fc333aabb2dad75bb82df897,Custom audiences
ecc393441c6b10e24ddfa3766c8ff7cd,Product category
9f07c7d6cf7f3bb4ea081c8d32b024cf,Bid optimization
d1befa03c79ca0b84ecc488dea96bc68,Website
075a1cfb11ebc601fcc2fdb4f0cc17d8,Pixel management
1c13cff61a54d948bf090aaa47b1167d,Real-time rates
1c7ba93bd638e2869817d237c4de439a,Switcher design
b30042bb7bcc285f75d2966286fa2571,Price rounding
0f336cb0f1aeb0bf29ae9ae4360be622,Price display
320047151735100aefe9de8230ef985f,Machine translation
3c3ec0a1bcab2aab25f92447d9ff0b5a,Auto-sync translations
4c43b511ca737f6aaea9c6eed45dc636,Bulk translation
75bce586804baf655abbcbcb4cad877f,Manual translation
e388d63c0690858ba5e350273faf577c,Metafields translation
2cfc775b4b55701bd3fca98b809ce4b7,SEO translation
c3f4303f413e80153442bada8294838d,Professional translation
6d1ddede1996236ab0e89d8ac9ea939a,URL translation
f5f797c74b139e4a567c8806f70ec7e4,Glossary management
e909c2d7067ea37437cf97fe11d91bd0,Country
8512ae7d57b1396273f76fe6ed341a23,Language
9b693bce13c8da72ce8bb781c18eadde,Pop-up widget
d789869b64884d5d1732044e303269be,Currency switcher
729f5952f9ef41c390cd00b2c8a1ac08,Currency conversion
e5ec28d9795bfca07e3f0fe6fd6f0338,Chargebacks
5b4a85f68d72ec033e241029f4baac5a,Fake accounts
e6e998f8ffe48b847b06542e61212e7d,Order validation
6fdac2b28b67964f3c81df75feaaef87,Identity verification
d653f30dd4b6d16761b6870a18e5e00e,AI-powered detection
fac06a27a1c24117dae0964dc795058b,High-risk alerts
480babac4d9c8dfc3564b20693c0b6f0,Suspicious activity
f61b18011e088f77dfda2618fbc4210c,Chargeback analytics
88fd07af3ecd2bcbae07c0ac559100ff,Risk reports
61d436b83d9a9b90372e381ceb0a4826,Cancellations
884d9804999fc47a3c2694e49ad2536a,Address
232ea0420c3bd3ac26ff6b57e0067f60,Line items
78a5eb43deef9a7b5b9ce157b9d52ac4,Price
ccc0ab536272ebb9011bf1173a7b8814,Shipping fees
ea62e82c5bfc87061a0d757c1ca1c10c,Custom attributes
1e102a0558846fc3b1eaf2cd9b2ed51d,Customer portal
0ff85bf08b1dda54ff95e390af1d9b99,Accessibility
ee1d13c387d5b3a79347ed68d3d5a717,Image translation
b8173945e04607c1840aa419f9419ba6,Multi-factor auth
0888aea3c2a17ef89422f6a2428872a3,Email verification
c54f0f4341066ed4a4bf1aedbadc72a3,SMS verification
d210706e230b422a5791493b76f7c0fa,Mix-and-match bundles
b8dd23161faa1a8b6d6143ce81ad0cae,Build a box
12d8a5cd463bb24389d658366f23a620,Gift boxes
662996eb01e64a2d686f8dde4544f1b0,Custom bundles
6c53279695aee4a02723926024d7e92c,Product views
1bf889d7a797e9ab257d9f4784ceb984,Block dates
4c8e470b0088fcb9540950e74f896fa8,Date picker
eaa760d8ebcf6dbe3dfea0c9abc2a6e7,Dynamic rates
ff5579723ff8b369ef29ec9a9f365c1f,Order limits
6e458500efde5b9a93199e57a968a9c8,Minimum values
987dd8eb0367312da2e2f81ea41cd46b,Route planning
bac1aec10bb888960a47301712af5758,Driver assignment
e1e818529dfc3d57c34de21b629c8733,Custom messages
e9b073ccb826b3bbe45e42fe95ba4c44,Time slots
c06e3032dad81e3a15e1ca49a6cff573,Delivery map
93103225157da184085d0797b33cc378,ETAs
6fdaeb1ab704ccb1a0dd47d882028804,Driver tracking
a48b9b24de57b20cbc46317e78e52a02,Proof of delivery
53fd8da0f6e8d4f9d6b6d5fa243fbf0c,Tracking pages
5da805dfa191ebed6c9b3d2b97c2e3ab,Route optimization
0fb878da815d7807b6ef449105b71836,Customer loyalty - Other
bf00f1bcc8c397d7c56bb3a7e02fc1e7,Shipping cut-off
3ae7d82d6b691cf91303eff1c5a6752c,Selling online - Other
0a7ee889e5eedb5de597b25c2508b2a1,Replay filtering
22703faf506ae71057eeac7ceae49cc5,NFTs and tokengating
aecb62cb3e6b58cd8fd8e2010f196742,Importing
2bf13c1ce5188e69edea8fb4311f6c68,Gated products
1bca4908975297934ec2c8250891d894,POAP
84c988389a4ca70b1c1465400fd4a480,Third-party NFTs
fc35fdc70d5fc69d269883a822c7a53e,HTML
590fc197fe73db0aa2ec03687a372eea,Markdown
1ce669697277825ece99bf48213803de,Rich text editor
cf2fce3e809ce1b868329c393de98c73,Custom URL
3af84c4eae653c1ab1069b55a7fac720,Accordions
5db8dca30c2d7f0c2bc225ae852c5053,Tabs
be58134528e70789c5c3309e1208b0bd,Collection page
db6d3798386aebc9ce1efe4fd8765203,FAQ page
0303ed68d44410a03c3c56beea6d94a8,Custom fonts and colors
00f2b1ead3a0990b818517356cb40280,Chatbot
987994f6790a061871f88cb9fb6a2992,Auto-reply
78cfb10f40119b400eed534c4bb5e193,AI responses
e3f5f40510943db440a06f9e56c20dd7,AI summaries
77f262907fd977bdd4bb6e6c49ac2a54,Scanners
1fbcddfc9d74c937758e4c2436db7019,Cart-based
f44a7c8cf60f691dfc8ad7b8a78d7411,Max quantity
e045ebc2e4acfae09727ef83c90aabbc,Min quantity
58af295b8dbf270487190651244a65a7,Price-based
7c123cb1efd9da1c28d787bd49347248,Discount-based
a6d3025c376e4b60694f3e43c1fb7ec1,Product-specific
6d2fcc5db0ddfcaa60226402b666068e,Variant-specific
bea15e4d7e910c4f520d2533689d04a6,Collection-specific
83ac98216e7251f167dd228b85039670,Customer tags
b8d8952ddd5e6db1936bd51b88edc760,Payment methods
6debe45422d69727c680b799b7a1cf05,Shipping methods
484250b310409ad5bd8c373d17b635b8,Metadata optimization
40a2a3af248a0c3d3ac0e84d1c75990e,Sales pop-ups
147ba64b412c0a48ef79751fc43df5bd,Email pop-ups
b365183b8225dc9d5248f84e28a658b4,Custom pop-ups
2b3a6d88e33c418fba5ea774c443ab0b,Hero section
18d6769919266cd0bd6cd78aa405d5d0,Music
175c6717d0b6476f60aa052606220b6f,QR codes
351ba2418d45436402ea68d81eefa15d,Review syndication
12f7a56062c9fd8d532b96232cfa5ac9,Auto-cancel
69d3b3497e7f6618429b37b2aef19dab,Fraud filters
b7b271d2f3c5aab11711ba00336d02a1,Custom alerts
96d53d05f323748c6f0e03a4706701bb,Fraud notifications
3955c8879a2791a9203aa05c5e11a99a,Bulk messaging
c0dfea7719dcdd61e48f6cd65a584ff9,Scheduled messages
8b2079b362cc8dc5baee8fbaab4b20d6,Order confirmation
55b63b3d36283311d7cf4ee5dd382987,Email signup
3bc387e89a2e30a684428f34813c76ae,Order fulfillment
3f032c7ce01b194b05d904027f3f54bd,Order processing
10b2afdb46bdc0a2d7afffb01c0ebb5d,Custom triggers
cf6f2459b6b457144334615ee16e2b35,Auto-sync data
4f4ef47740e51fef45647f57f3ccc00c,Quick replies
4eeb321769d7dc6406e247b1c1433a41,Emojis and stickers
23b609358af1cfeda7752048ad9debfb,Auto-position
16d42117743d44fc62240330094fd0e2,Rewards redemption
46fe4a29a1eb17ff03dcb7bf4b3f346a,Tiered rewards
882d96f19050bd055dabd21122768eb4,Additional fees
2575ea9ef94753db6761d3d929f70860,Automatic discounts
b5fba9ff24d0045d1377a05a46b32f68,Applications
d53ddf87a983739d49e0da0c1fa64925,Registrations
d885ebac5f73709dc0f3f145e7fadaeb,Fonts and colors
675d1027e4e58d49e90a9d837bc10aba,Email responses
18fcac8f1ce4357da014135a7d0f563a,Status tracking
32e93f122ffc136b567efafa9931e0b7,Lookbook
b68e15f27bb5c24c13ead6608ac8c903,Portfolio
10ae9fc7d453b0dd525d0edf2ede7961,List
37ba1ba0fe17bca6e238e0b20ccec752,Icon position
151b17b150a57fbef9e0211a17c4fd7c,Bulk upload
f5ca76ef9f8503520a2d96ffaf6a8fa3,Image resizing
34fe088efd63a344ebd1f5a38ec00f5e,Image protection
25da44d9b905c788e9736c221818f027,Discount stacking
da3ddacb5bd3e2ad83fb4b271521fb4d,Spin the wheel
16e8e1ce8b9b6ee06c1cf58d30efc0dc,Auto-tracking
5ed3a0e8553fd27770b81a6518c4753f,Bulk link generation
6bd984895f1bd30ac846b1acef5b8b05,Price drop emails
d4c1f058c7185b2890b5adbf94c6ac47,Auto-generation
c4cd6e302bba0b70251c59786be196e0,Auto-printing
0993eff187a4dff260136d8bd02d0e7e,Custom elements
442caea470e4b63ba609e3163db0c3a1,Bin locations
c586c32ec09b04b227b3d7e373a102a9,Product descriptions
49d7268f5c986b2f1075807a98e340e7,Digital assets
4e839036defedc2296821bf91af5395f,SEO content
f72d52b096e4a36aeac6dcc4b5e18404,Website code
c96ce196bc2bfd88d6e375cf7ef69316,Copy and paste
702eeed0cdf2be9bdbdd620eb91515fe,Text selection
68027b1d95b9d18ce38efab6088b92a6,Screen capture
b40077818851e8bee8148869d90f33f2,Print screen
fda2e7b1028ea825417aa82056d99f5d,Right-click
43100c35906c0c4338fb819e22c9a5d1,Image download
cf42979f35958615a042c965494260f7,Image saving
d3cb228e5dd1ab6666673cefd370cee8,Drag and drop
514e35883b29882870719573f3db11c6,Inspect element
a3812c906efa95608b82c78585a92ff0,Web scraping
f06125e0741577f30e4a7a194eafed6c,Spy extensions
1ec44dbc2c8db118f52306197a50f3b0,Developer tools
6c93b83a3141892f0e2c128008e9f2b8,Keyboard shortcuts
a4ae389225ea680f53094a97b6301fea,Region access
1ee3b36a0ccaa0ff727f397bf188ea87,IP access
d68949a18c0d7381a16e3c8764076fdd,Tabs or sidebars
39b3fcbfc0f00033fccbb1ee9f1e68eb,SMS requests
d6bccaec1f50320d8b38463f8e52251e,Mega menu
ad973c252653a47144b79403cfb0668b,Dropdown
651a6c2456e29994747c682cbeb18bb8,Sticky navbar
de9b9ed78d7e2e1dceeffee780e2f919,JavaScript
91f98cbb72b812752c22f2a937df7b0c,Multipacks
5cea195bc0591ef46efc8c530525c685,Event booking
2417b53255206bdce189add39d85fca1,Appointments
a0e7b2a565119c0a7ec3126a16016113,Calendar
822c7a9e744031a0709f0cbf1ac2580d,Booking pages
bafa0d73d27c139505b8fec31887a649,Error reports
fb97b18fd057e12060a3876df11b1fbe,Inventory - Other
1292493013bf7d4b1dda7328bc4e7040,AI chatbots
5a283b85dbc56e3a1ef690bedfa452b0,Real-time translation
72863a8c0a12cb5733cdff79802597d4,Agent analytics
7d9fbbfb3374896e5992b3fc063e0d6e,Business hours
6cea4bf4ced6bc88815ba4e7862cede2,Chat assignment
e9aecb868cc4e8b00a5cd8cbe00f7680,Compliance
1d55d47fa15a39a4577638b1b32b1857,Custom sender ID
b9f9c5aa70d8d6b16db97b9f6b2d81b3,Two-way messaging
dabcbdd21380233ded6e59bb2db9a3ab,Conversion metrics
e990817f17caf53f4d75b5fe188ad679,Home pages
ceb3c23b99ad2118408569b8c50def8d,Coming soon pages
2b7787f1b22a751082f5201eb1a7d089,Help center pages
ca50f09ca4bc56a9af442222064512b8,Contact pages
f286999e8dee46f02dbd9f8f523220f5,Quick view
fff3286cdefa61d02cec05de176b152f,Footers
cd589f40b0ad99ff55d64c4e67beea46,Press pages
e3ce79d9d2325ea825d0fbc16467e94c,Career pages
fe9d33db7142ea74094ffd8735ffaf2e,Legal pages
50c3da70e4035a1244a6c5786190fdb9,Link in bio page
881c335c33472ed9ef6dbb3c025365ea,Reviews page
c9154af1bb7c80245a5f5981dcf72287,Pricing pages
6ef347b11f54160ed8d8ed42f4d2fd4b,Theme sections
8e04e0507853fee3b5da78c9c8ff69c1,Save pages
7fc3d828d13c58c01a5dcba8e004ad8b,Draft pages
acf9848a9fcc90c04060275c1f637e43,Page versions
7f0439d5e18324fa8ca2f9df4a2387ce,Global sections
e0f6e3fd2c934cb3246f67cb5dfeca85,Global styles
67be68a348da3b850fb7daa10b034528,Snippets
af051c89597cd018ce51bd8fd53014ff,CDN
0002b0000c145a8ee3ef27e21c8a3c38,Activity logs
2339e5110afa4707b6a616d9677c7190,Audience segments
64276dce80723e0b1f40849318becaf7,Lookalike audiences
125e8e9bbe92c992689f82460866fee3,Demographic
913f9c49dcb544e2087cee284f4a00b7,Device
d7df5b64df1181ef1d62d646a13aa860,Keyword
8eecfc5f97c6e079efc75cc81ca449bc,Location-based
34a6e5d64ade17ef4e51612c50dd72f5,Platform
e0da339edf23820e626020e7b38643aa,Time-based
db3c10b1e863a939ba9a5ae590705295,Customer insights
f2914e35a19f39a0d49bc458e38a1539,Cross-sell
c8515ff61de2a21c3a896eb8633dd772,Upsell
79f6fdc2f5e598503c4ce6e24a4ee7d8,Draft orders
85fce6cc0c66eeb29b75869bef5ebca1,Receipt printing
d68c5c089295df516346faeb7f14232e,Save cart
1ce4bdde2e28d526fb7df79f02190877,Sales reports
5106636374267de4dc559a251637e54a,Inventory levels
5b7d53852984dfce0269ebb8aab84ee5,Sales commissions
3d0c5a1cad2e8946b3e40fa1f65f17a9,Content syncing
0662a73e1733968abaea58a21d0e7d99,Localization
92a3a1a4a23bee73dd94f426a199f714,User permissions
924a8ceeac17f54d3be3f8cdf1c04eb2,Callback
cf5a17e444ab11f5cf18ac2d26639839,Customer-based
6571b5c6dae180457f368fc90b010be7,Hide rates
43a9af2b693d0e826be3de52158c861d,Floating button
4579e207df89bc1ca1a1fbf413f0ab4f,Scroll to top
30ce2ef25af2168ba6526b2bdb984943,Net terms
935958b59c19157961695a1cd9791d88,API access
fbda8944636cfa52451ccb92ed2edd6f,Support - Other
34c50b8aa7a377a431d647cb782f811d,Geolocation redirects
10330a3456b1bb70379a5e96e927a217,Content protection
be0e66007286787d3432befe339b0e87,Spam blocking
50d7eaecd64b277cdaac58e0cd48ad83,IP address
cdfe7eb2b549e67a107c599f85202023,Manual redirect
3bbfdace1efdd645901d528b97f4de7c,Environmental
6bf893055a5bd717895bbe97eec28b58,Carbon offsetting
f101e0a1f5f74712d187384aa91f67fa,Tax receipts
430cd90d9243603b724d144d89f175e7,Virtual try-on
a0b72ac612d3bb4b6b5c4d57e36fa8d2,Model creation
fe021943dcda87150f590b3475afaded,Themes
d8e0b6d3bf3499474ab0337c27ee6e47,Animation control
8971f1d45ad5925355d3c2a2ec9f1b20,Page-specific effects
bd21190449b7e88db48fa0f580a8f666,Icons
c5a6e44b2f674214f4038ffb4bc34786,File upload
9307175a9a31f718a2038ca36b276199,Pack-ins
811e8a6a2dac8d79f5f5ee3f15e10ac9,Eco shipping
c6994840e1720c12659797c56f2530c0,Premium upcharges
17de175fada21708310b178c5511a5e0,Size charts
609118a0b2c1995223fdec61b59477bc,Restrict access
49b729b9b08021e70ae95d1cd5bde703,Hide content
6b0211070b44efdb17c9807ed04c3296,Lock pages
76f2fe1c51b1a1c731debb9fcbc216d5,Password protection
17bb4b41980945f67fe3f4c051048dd7,Secret link
f06245c5372ab60f64895cf117f6be2c,Price locking
fd317045cbdcd26054de08112d6031b4,Chile
e9375700acbb6b42ae4101daa00b0c20,Denmark
2b4a1835a0aa73f5d53650771710fe43,Ecuador
631d44eaa1254ff71a1e11ba021d1266,Finland
c0cdd82ce092b01267bdd88a8bfbb1f4,Georgia
40bdb06018487838c520ab7419d2accf,Greece
ad53f5fb20dcbe1aeec7aa81e0d0aed2,Greenland
3b4bbcb747288e1e6ede89221191781d,Hungary
83166cdeb7a2d9c1d591ad9d4eff4204,Iceland
577e905f157abece95f454ad0b3058cf,Kenya
f174114ad69e0db66eff6090be60b5e5,Nigeria
89055f975d7ddbd99646d954daf3cbb5,Romania
1c625cc86f824660a320d185916e3c55,Russia
c814068bbc9207acd130de362b2d6ddc,South Africa
4b0f1559226dc5c26d97dd4ef788a85a,Ukraine
4e844b71130a50932cb7143ea060c0a4,Mystery boxes
b0a8b6f820479900e34d34f6b8a4af73,Shoes
623fa03d9d8580d445f73e838a348c3b,Accounts payable
9fd47fe2e07f7107fbfe3dab6a1f11f6,Thank you pages
7c2ee1da52fb2ae72627ea8088275f27,Keyword optimization
e69701eddebea8896c8dfeb4a431a8e2,Email chat
84ea5e9b727501c71cea56beb4611cb4,Checkout page
79de33d848c1b38d480cdfdd1a9c4eed,Search page
d0a053f4957bbe94f4c1d9918956d75b,Rentals
e0bda8197e58839fe38b56adbfec55ff,Classes
6208da147b2e01d2daf532f07477c08b,Reservations
7f46165474d11ee5836777d85df2cdab,Online
578436acb722de93b4e469e9902d19fd,Custom event
0d2a632ce5b35556285148ae3925a2e7,Multi-booking
a89fd69a760648f77ebd0a37b2557ea6,Cancel booking
bbfbe839bd63ee5cf24e6dad0b5fc6bd,Capacity limits
bedc562be0b04d4704448dbfcc06c57e,Event check-in
5c758dfc16583b128624cf853fcd7842,Calendar widget
35df2bf3b5bb7ed6b424cc15aad3a307,Greeting cards
4358b5009c67d0e31d7fbf1663fcd3bf,Notes
5c71241cb09f1204abfc84bdccda7d16,Auto-tagging
5f3357a8ef2dee8d2382f9a1215c58a3,Gift widget
b8598f1e7631dfeaeee0dc7830bf9323,Auto-alerts
c8bc37fd60a2457bd7b92913c7241ada,Manual alerts
250482fb02425402bfe9e25926ac6092,Low stock
2e7b98e864e4018e01209ea80f66e712,Out of stock
69f2a65e86cbbf33c0f1d4692e501d73,Alert settings
f116b1231e1c3526c4dc4c6e9f30c3c4,Notification templates
c0283f27f47ed80c1d623a2408df71c8,Waitlists
031ee50a9951b7e829f05a3d8a0c1849,Customer demand
4136a932eb7724a00cb87c3fb9e1ea1d,Contacts
3c17c8da53b7cf036f5ff4f8709ed1af,Curated subscriptions
d5c4eac80f99e027ece5344db54df129,Replenishment subscriptions
864c9f38a9104e167960e3b13e71c77d,Access subscriptions
734f4287ad9e1adbea93d68f8c9d99f4,Subscription boxes
6cde5f2afdf6e4ef4a50abf3add2af00,Custom subscriptions
b8ac66d4e847f8bec3d7c17da8b2119a,Recurring payments
c5463122adc7dfb696b4bbc7d6fecfcc,Subscribe and save
00efe0321b7555ff3e3ef4496bc52efd,Freemium
f1b0f998dff34338894180c024352441,Trial periods
7048b90234e9746e16df2af665375502,Usage-based pricing
13ca03c1a04fce4a19cefccc26398ab9,Payment options - Other
b5b0a4b17172aa479ab099de33bb8684,Order tags
aad62f7af06d14b652115d821d650bb0,Product tags
69b43c41e4c01a45872cfc0454f2008f,Social trust - Other
679b5b3d2afabe6dd14f48d93d54bab9,Reset per visit
e9fa730994283bcd7b491ffc61c2ac28,Performance reports
5ec48008537f41d6a5f7829ecf41bbcc,Image search
8f5534c68aff24368afb60c9d2f46f78,Discount fields
9f3b341d470ab13ee75ba0328c54f2d6,Custom notes
87ed3a494e03746eb633ef6e937603c7,Cart sharing
2cddda1bd1a1311598cc82d1b81895f9,AI targeting
9cb9ec2514a9dac92a5621abd32f3250,AI optimization
3b11cb57811a2aa86c2c15dd041fdb51,Influencers and affiliates
130834a08361ea8ad73e12f981993a1f,Ad exchange
24ef0715a146790f4cf2ee31ee17b8ed,AI mapping
738a09f156ffa974910c30d467484ce3,Error validation
ceaf302aff50f332cb99cc9b9f1a4ef0,GTIN management
4de17c943b23f0adcf1f101e95c81d43,Cash flow
0794592dd265b04c6055e945f5adfa6d,Sales and refunds
8fce6ffe7ec30676f194639ffe20855d,COGS tracking
07120e0b88c046f762a1c20a61fc3ecf,Performance dashboard
479cebd9fb31589d162b95296eb976e4,Order details
c15b977dd99332ca8623fbdfb86827e8,Transactions
4e21e9b2c4eca176e6665d37384985b6,Payouts
449347bbedba875d66630d153d03850c,Inventory and product
d47232c9012ce0fcc0c61c08a934f098,Real-time inventory sync
59aab28b54594c59dab8d19afd9478e4,Pricing
f90a06db7c2baf49044c960315c202b0,Historical data import
385c28216da3ea17e26039323a0ea629,Automated refunds
ff82262b291e6eb0ab55c2a25cf24fee,Exchanges
1f6e0d51ec9f57961e86b4aa2e91ef29,Replacements
fb2fc531785c0e3b85ce6abe50705765,Gift returns
22c6d98912c578b30ff2d1df0f84df2e,Automated approvals
4ed19a3dd14d31b0c1d1b1756f49e150,Return portal
98054a93a713a3dc24d0ec3a9d6e407f,Custom policies
6ddc4fbe628b1ffaa21636e72f019092,Non-returnable items
21724e1431e3bca7a1f04a15d23a0025,Return windows
029257eea759aee12cdac58c164c6c90,Return reasons
179d7219d5272144e3b1a659844cf39d,Return tracking
6ed94fca0a57070de54932dd67447c55,Customer blocklists
6a9ba5b4e71f8c4aab6f1bbe5bde80a6,Dynamic logic
23372c0d3713719764670087006fc1b6,Contact form
6f4ab8cc3a5544990d1a54ea823dd006,Feedback surveys
de9cd5dcf6b63736d66116aa476858e9,Consent collection
89c262e7d973ab303796938f6a4cfe5d,Cart pop-ups
944a1d91714b81b22c815cdb09d2bf2a,Finances - Other
9dc5e73fafd2fec07378177c19809ebf,Multi-channel messaging
80fc7849218cdffc58e6656262dac163,Customizable widgets
11a98374ebec8e0c7a54751d2161804d,India
93efe964422847bf774649a3c89daa6d,Lithuania
6123486432d21179f354b970b501e518,Netherlands
f09597b77bc54e4978c42bc44a028223,Pricing import
bdf7ac941b9d594a32909b747b0ed6bf,Manual orders
7521de2603d05db7b6d0ab596cabc7a0,Shipping options
31d866ef7f9207fee6350973c8aab84f,Customer groups
77c2ebe37f078db545dd7e7873026f11,Signup form
d3dda5238333cbbf04c1643395a098f0,Wholesale login
2bb7d66c33776e75cd756a14065a6a5c,Customer tagging
fdd7dad88f90fdc707b1b1aae34d9542,Latvia
a5d491060952aa8ad5fdee071be752de,Comments
fa7141e43d9484d1d9dcb792170813ae,Remarketing tags
4ebdcf7380df3cdb1e16a42ae5cc2808,Staff notifications
531b2155e3fa92c80fe6e2adbb4bb91e,Notification rules
c6fc1666e5154c082540c5b3d86a2f17,Virtual reality
4062e489b634433867fda17c940d95f8,Pricing quotes
42163f446ce5c9ac2267496bcd0490ec,Wholesale bundles
8c2ae31bd744d1c497c6ae9418667288,Exit pop-ups
4dea68e63903533c3ad562aabd352695,Pop-up builder
d56b699830e77ba53855679cb1d252da,Login
9e6dc33ec2cf9b1fd5c286b00dee5849,Income and balance
87f666218937b00716cb8f6cc1a859ae,Sales tax
c5012330dd9410ae73d3188cca3315c5,Billing and invoicing
077d0756de85206b713f3a9ab26b9f2c,Prompt templates
c7235e57bb8928d7cc00f91b8576957d,Age verification
7b9af56850a22ef4f134412821d29a8d,Tax compliance
83ff87ded0f6f91cd692b2e62c7b3b06,Compliance reports
14828446d49d8386aaafdfd3761a5e9c,Page restriction
1b60ba2976115e7e306f2c3384a6df06,Stock transfer
03525e2afe7b83f2b1e06b4596dfcfc0,Bulk publishing
d05b6ed7d2345020440df396d6da7f73,Fields
3af63406c9489e416b3b9276fe536123,Invoice numbers
e9b447ef566a6fffd70d2496c9ca03c1,Logos
787511a6e4b3aa1500532ec54c85bfab,Bulk download
e0e8b157abddb2b2fb391e2c70a1d060,Email automation
88c534933463916dd88e08ee9d00687f,Sequential numbering
ed8c982b39db214053113aa3f97a9468,Multi-state filing
077797f081e486531f4fb055e51ad687,SST filing
08a359f0164ba82aca82f4953efdd74c,Custom shipping
543bca55137977dd5f3d84a63761e88d,Threshold alerts
f17ca2c829680ada2fec9fc87bc5f606,Redirect
46894dea72a6dafa779053da34da1f74,Expense tracking
525c65d07ba4a308adec6f98fe75ef81,Tax exemptions
1d3932af41d1fdc951ccfc1009bf30ea,Daily sales summary
d1acebf8fcfb79707225a03e1e685290,Sales tax mapping
95e447f76d3baa2716aa271e339feab5,Bank reconciliation
48c7671e5a1b0f26120a707e9b2d2d03,Data privacy
106b24b3b26ff154209b490695ca3c60,Policy link
50ed2b9a0883ea88d67672ac746c6ebc,Banner design
36b41dd8e035953efff48bf2cc4769b2,Language detection
e72d92ed11feba60188102472a96e57e,Auto-blocking
58019e8728bbf5dba13dfd893bc59e74,Data management
ca66f0ed8421a3855a3b80204c9abdea,Policy generator
dde4755717bcc009dcb9ab9ca3597d94,CTDPA
87689b196d68e106dd73586224bcae4b,LGPD
2f486b6b37e273bc9e599541002d2ea7,PIPEDA
28dcaba11d7f69e9b0d40c0d7c47fb9a,POPIA
787ff49029bb27de499fb3f2e85e325e,UCPA
fe309159e87fbb33d1f17845a686ae67,VCDPA
55b1d9aa58d4eeed662d9d30cb452c30,Chargeback alerts
cbf91b9ef9669d67a59ee6d12fd21148,Fraud detection
8b79e23e1266002aaf9e1ed8dcc72e44,Automated rules
03241a74636708d3dcc6e307da322adb,Custom commission
21924f033de7a31a3b78fa04919bdda3,Performance bonuses
ac7a81736f7a67d1aaa3b7c67877f5fb,Tiered benefits
b4262a2c7c08112a132f3cbea2fb3ec9,Achievement tracking
cc5624a0e27fc7e6703227706eaa7407,Collection links
009ce6ab9e0720eeb9bc0677c69fc7c8,Multi-level tracking
5ed3d7f3dbc3f13f9f0ba0b5f69333a1,Post-purchase pop-ups
211daeecfede352f606b07e84501e984,Page creation
b60c207a464e9d65472537292c789124,Custom registration
c138236dd6a60f58f05c9a67cc43cdcf,Branded portal
9db98b6ca93aa9f5f3d8960e7a62ada0,Custom domain
a3a6c540528a2b7355270b6dab9c8143,Custom forms
a17d650d66f001368832a46ca9751b57,Bulk payouts
b32cf74093c0fc09a4a69019863629f4,Card payouts
1cc9005b3479b93cfe044dffa2fe1809,Gift card payouts
a0a058baaeef16e88f6bd2ee36c03f6f,PayPal
fd456406745d816a45cae554c788e754,Download
afa04881b918fb4b2e75f0f27dfe2051,Feed automation
323be340f191bc75aea16d707754500f,Product feed
0ccf7fc7d5fd6e6b37488c8ca7df8f50,Offer sync
f6b5057007841c29fe78edc5c5a7ad9c,Custom listings
015277e47c4cdc0a74ed01ec75991d15,Listing analytics
7810aee9415f32a4e05fbf1d8591ce6c,Multi-location fulfillment
02203dd92cf1bcbdbe4df73af2df1611,Bulk orders
1cc0a1255643044128a06c307999fa24,Tracking sync
f7a42fe7211f98ac7a60a285ac3a9e87,Phone
af59b6d3e73c88f2b9a8830ec42a37fd,Self-service
1bbea7cf4b4b34697c73a7003516a783,Response templates
e8a345297699d1cbd6e9f641ec9df05a,Auto-assign
9a655af49fdebc22ec3cd0c2ee65a435,Rule-based triggers
cb85fa4d8ebffe4ec4dccf68199ac421,Escalation
e7c1d65a811b9922f45d468f4f54daee,Spam detection
cc8716e71e0cc108fa693f1c8b089468,Voice support
434cb253a705a116febd734d05eb1761,Video calls
cbe173c66fec187081624c338f1bc6eb,Review requests
1f5d694d007c59206badd2c138f4ce85,Shipping alerts
d2198c717069037eaf39a98b4fe4d04a,Send transcript
65437511f2f381a205a7ff2fc0246407,Guarantee
f83c2a85d972a89238f31296c63f0dbc,Payment
e91e6348157868de9dd8b25c81aebfb9,Security
bfeaea697ee06a888d482d842fcd1f58,Real-time edits
b76988e33a9154d5db00c1eec1d4b786,Cursor effects
7ca5a8d833f369530205e9285d41bd5e,Interactive animations
42b47021dc1559a215947a9bc7c9e9c1,Black Friday (BFCM)
3d4fe7a00bc6fb52a91685d038733d6f,Christmas
a6539c35ec07965956f1de7b3ec36971,Halloween
f64fd247d7609d38d2a28a28af5a9cc0,New Year
2a2d595e6ed9a0b24f027f2b63b134d6,Spring
6b1628b016dff46e6fa35684be6acc96,Summer
155124088ef66d0f8619c3f3c8bde379,Valentine's Day
f6432274349b5cb93433f8ed886a3f37,Winter
441e6c1a7e02ce14a2e586b7ba387b8f,Local currency
c3664923d92bf933cb07616a10e76614,Bookings
40407f909ed2c3a5bbc6996c59b080f4,Payment messages
24900caac70d749082c9e540f2adc39c,Coming soon
f36f8326138cc3cfa8093f8b17d6d694,Back orders
fd662f019d9cc8f521b877c099e12567,Pre-sales
ce50a09343724eb82df11390e2c1de18,Button
a4da535c35434b525090a9e286a25d23,Order limit
dcb03ddfba7d9878cb290ec53191cc0b,Availability date
f48063f5a44fe4484818ee2fba79d95c,Partial payments
5ceca135e7cdbea40c6d9382be7d29d5,Split payments
4fc430284c4d479d57df649f9e0bfb5f,Pre-order
5de5f94a42cdd8a77f2823f03a5fde53,Notification button
8d90b0b0400be71ef1d86a48477a22c6,Stock counter
2c5e9a5204a6f64d2a6f6d02fd700ffc,Video templates
403ce147d1b8aa11ffffcca9d1ba4833,Data sync
aa5c56f3208b58a5a8cfc5a7e25ebee2,Backups
6b6a80009ca3114d447cfbbd3e10d20c,File names
c2596b2409a2a020edbc47b870a299fc,Format conversion
35647f1aeb1b2489a6c5405caccb2d52,Image backup
149125de16162f893b3c250353a06136,File naming
56e2238899796c4aee89a3724d3187da,Custom display
aa6a24998bf0b6fa001593a04ab9cbbd,Admin alerts
935dc4dff4a08222fd66de34c38178d2,Auto email responses
01cb1bb975725796973b21024769f4d1,Tax exemption
f0ce6c9347fd8ca32a28712f5b13ee0c,Sales count
69c5c1b33d30582973551f5fb7b7b54c,Recommendations
c6d9c669c26c9a2be1c81bb192b0d00a,Drag and drop editor
771095e2721246407c39817fa6a4fc95,Structured data
edb1265be91f0e3ab8bd5ad5cd6f4e89,Tone and style
709072eefb966142e332c104d746995b,Traffic reports
f14bf939f984bef0c512cc7a48145e61,One-time payment
f3bedf994dd1fd1111bd579244d87949,Cross-device carts
76b9123b3bcbd8fecd6a5ddaea461c66,Session-based
34493fc4f3eb20f8ef6d121f3b032640,Stolen packages
cc1fb5f622675534ebcf648faf935148,Lost packages
df9384dee2c39c15bfb3f69fe71bb16a,Damaged packages
aa05ea16c554e989956532af0d31584f,Extended warranty
4b3f9fe32db5778e64b831ec5191599f,Custom widget
a80317e6da618a3fea9d42ba822c7ada,Coverage confirmation
ab30edc52251c3296d1adac80505d379,Revenue sharing
8a19024a56a2dc9510fd9db2e3b72e69,Auto handling
a3de8b560413bf4c06403cb1e6066009,Claims portal
ed06ff62d11cb673b7ad10f49a12bdfa,Custom policy
6f7c4e3dd05b5772873960406799184b,Claims dashboard
8c8d357b5e872bbacd45197626bd5759,ADA
fdcba1fb57b5ac8fece509e41535e49f,AODA
fdb93d315c7989b47056e2f5d5e28793,EAA
93a64e40308a726de4a3f295b5cdbb10,WCAG
7e7fff1829573ccb188aacc6b24ed7ba,Region-based
5d1d1f26c233f5a4086696fb343be430,Maturation periods
d08ea9990adc16c92fd86490b51a3aa5,Fraud protection
8e369f0ce4d8de12ff6b518bad78b6f7,Bank transfers
1d7d83195ec1d5fa02fafed8bc93f833,Emojis
d1b5d5828368dc1d07c097b8f60358c7,Order minimums
cb5d524948751f2a7bc3731eafd8b80c,Infinite option bundles
67a7a35a8a9342786b9139f26ae51464,Feed translation
c00b90521a512d008d7eef5231eb1e5d,Order approval
8c7dbe6283221d49d2ed7c6c46634baf,Recent visitors
a2942e5d4b0f2ac4353e6f7d81ceb70c,Restock notifications
b59fcf5807a01a7dae61f59b95589476,Data migration
8cf1b4c701f5a73f0ebf3fb9ddaa283f,Locator page
d907cfc689b72c7a45844d1af0e0f6dd,Map styles
a3e7acbd8880a80dc69edb0d729a9467,Directions
d92a543c579938c113ead636e179654d,Location search
c64707f4dd9a7bd634ada13c1de04a99,Store name search
a3c829b9415f815fa341f6ec4aec790e,SMS pop-ups
0bfc511050302fe8d1acb7a89a21acbd,Quizzes
58014f8069b92f7ed8bb3a0b68b13a32,Warning pop-ups
56f422acc3516dfacfcc1b3f8ca4a63d,Consent pop-ups
711ddf67805da4d0bd78b6549bdbc198,Reviews pop-up
56c9593607a20e355e89c5f9f4f4c43b,Convert file types
aa2646a667ee1cd83235786dccef4a26,Robots.txt
e926c35f31a3c9723ff7497df5a9e7b5,Theme optimization
07759198550ac321627109f688e0f3c5,Generative fill
f1153b10bc615022b31169e300eb2f13,Cropping
1e965c8df402d476ef65d1fb6917e037,Resizing
6f9c8382b4efb2fe519192226007419a,File encryption
174253fa73468d9438cb726b8814ad83,IP restrictions
53c577d488319971921e854a28f81b21,File hosting
1c44b3008dd1a89803d9b2f2bd58e57a,Auctions
02634eff3c24742057ecacbee91c4bbd,Buttons
19f9730000abcc9fe49e6e9051d109bc,Bahamas
578ed5a4eecf5a15803abdc49f6152d6,Japan
bb3db6b18c5c996bb872bc827a547b30,Trkiye
1c6888e5711e6cb026ea24d75f657bd8,Online registry
81070325e41efec48517d75b2a733d4f,Save for later
40bd7ca70f7205d3911c87d45d0ef723,Back in stock alerts
73d576799687d04e3177cf3929b11ef7,Bulk generation
7a34443906e702156e1c08d5484a942c,Prefix and suffix
eaf5719c8b1e2aa716d4346cadaf8930,Instant answers
3965207478e6a58f7c87af5d49a0c165,Feedback
70b29c4920daf4e51e8175179027e668,CAPTCHA
2150fd65034a9bcdb357943b3900a918,Quotes
bc891ec06cebf20f30fa0e3e220e2bf4,Group products
763292627f23a0273dd6ce7a5001dd40,Price login
9360712bdd7abd4fb7e704aea9b70a98,Returns and warranty - Other
9fe4cbcd1c1651fd5cb96582e285d54d,Appointment booking
658164408c0feff5d965ecff0ab35519,Bulk creation
06503fbba645fc4d40036c9cec2f7cd6,SEO analysis
ae3bdbced8f3302cfa7c7e971e97fb40,Internal linking
2c9885d2b0c7e26971f60a90f33cf718,Filters
18eb0f831e83bba92d24435c7f01d939,Hide payment type
a4c86793ad9d3b2b136a40aabbe6487b,Sort payment types
698647ffe61787090840e5a0420f27f6,Purchase frequency
0c52c326df2fdb73c5e9e2c44406e547,Checkout alerts
a2800af640055769be440f27d46046b0,Payment status
a9dc1eaf771222d91781a172770d768c,Return processing
6e4649ecc54cd60f1756ba258c2e6c60,Sales thresholds
687e17a9f7ef8670cea546ea9c149b21,Collection creation
269bed9e30e578865d64315a4e715b96,Price adjustments
556fa313b9f274c2cafc231b7e6ede93,Product exchanges
8ce55d360e95c261af9d32bef2a9ef06,In-store returns
78805a221a988e79ef3f42d7c5bfd418,Image
fa3b4c5e37de539bab8b4521833616e3,Tax deductions
fb113be6023c2efd7e9985cc7296d844,Multi-level marketing
320c55a9e32fc0b75485041644049966,Auto payments
a4e884aab4f97ea21476872d31f1b1f6,Gifts - Other
f72b532a86420ebc2e9fce2b8cf23315,Order creation
10f68ce41eaba6ff996381f5f9fe7529,Order cancellations
12780c9ba0a11ea3a9eb9715a2f2b03d,Custom player
a15dd422a9e26c024c933975b095bf59,Copyright message
fcd126be91cc7615e8453bd5ef773856,Shipping updates
2f5e2dab6475737d7377619c118d25ed,SMS templates
9f507d40ba5f55c6af7b2e71c9b43fae,Dynamic scaling
2d7d75756aa4dd6b055c7703ff35c285,Zooming
982a61627d865cf558f1e4f673b1b7b3,AI-powered
78ccfb765859e374520428a19af67d9c,Custom download pages
787c75233b93aa5e45c3f85d130bfbe7,SMTP
f0ae9f2ffeb065d5f8e5eac8eaa783e4,Externally hosted
5027b17f2e0104d5a8a8349145cb0a83,Custom links
7108537956afa2a526f96cc9da7b0c36,Delivery
fa89991431c14a8c8d66ee2b5dabbaaa,Email reminders
7d7af31cdfdfeb83b1dbb76bf27eb078,Accounts portal
8f8e170da76aa0aa43ceff48b8e569b4,Registration forms
cda8c33d8e0457cffb564199233bc14c,SEO titles
c1c1eb22e29c4b42c0c8d4861b4bde61,Blog posts
93ac93d4ecf6420e5f1ea54a6cb24aa6,Blog SEO
cf8682a05c753b1e9b8d38b42fb745d8,AI copywriting
207f280c767799074969449ae45e8493,AI images and video
e0974c8990f097f83e97b6b4f5189f55,Demographic analysis
adb4659787bd5710be5b2c752a333773,Multi-step
eee12034fc7443f22e50cbc21b71a838,GDPR checkbox
cd73014b703c81cf81c1e578c846cbaf,Form limits
3cd15f8f2940aff879df34df4e5c2cd1,History
da212f2c4cef33a2a17aa8063f028a74,Video editing
bd44cd0923791e19c961e602aa8652fd,Product drops
c4a993dbfb0f387e446ad5c4c6e165a3,Deposits
5f29e47b34e55cc1a6273367f7445e5a,Face-tracking
ac05c7d8f4406c971085f947e43ef730,Trust
fd5e687beaecf39a403beb4e63b0b312,Customer feedback
c68a93cfe23c9e7bc04da6a56d5e45db,Collection descriptions
042b84c3caa63fcc063c42fc670df0bb,Order hold
bc021527400a316abf7589fedd154b28,Fraud insurance
c8c40db4ad3c3bc4b59310e1e467a329,File download
1296cce76c1408b872d0623633ebacc1,Backorders
2f9e567efb6a38663162f65eaac2d73b,UPC
4a3986d8839179840861bfe4f4dc6295,Duplicate check
e03567c5fa86c4cf7b13a5f29e06ef95,Barcode integration
213169ee1e065bac658f75595d33bc3b,Custom size
730bcf295afe5a1f85e09cf5c069f83b,Unique visitors
12df53fea8b3adfa6c2ec456dd22e204,Banner
b31f51f520c3745da781bc57499f0d23,Delivery notes
5fc9acbd40c6421d3bdc5a4bc604972e,Custom invoices
c0af77cf8294ff93a5cdb2963ca9f038,Tree
2ccc1d78206fef3258f38e660576d474,Infinite scroll
59773def9a31f1a59f99ac835c9aec77,Error redirect
5c6298b2e7597403c74346118933734c,Estonia
cda2c99fbf5e19f20d331299c15a4491,Indonesia
77f09e1229462ba78b6a10825319ba12,Monaco
e5c92f41909b935e91f8a6529ce88926,Tax forms
26b43fbb768b2f8f2702c8738e2b4fd2,ACH payments
bcd65c483e96b61e539ad2d60e51d33c,Scheduled payouts
07fbf976d71756db1a5846e46439479f,Social media posts
09c9d8917b05603ab38daf70b0500b57,Unified dashboard
1d5a0ab54ffaa99e6eb937c8adbe01ba,Inventory reports
49f4fdc64da08e0cbac132fa06062d2d,Algeria
eb2a9f468791ba2e856eb099489ab716,Percentage pricing
b5928b203f1447d564b399122fffe69e,Auto opt-in
49974f6d36dde0a1c53e35e77727d6a5,Custom segments
71c0708069852dee87e9a9783922d4f7,Birthday messages
22fc6e7901c83c97dda8affdd380c79d,Feedback requests
6ff5d343ad792e571c2ec116817da878,Payment reminders
49dc2e8035fef1a7eafc4d65046ab6a3,Giveaways and contests
aa40c946803b2fde6ce05ba3a2655c24,Instant win
80d4191f3c7c7b2b12654f949cc00558,Refer-a-friend
6c7d0b0857b474f06d345aeb445411eb,Raffles
4a6318f2f1c9a18f81bd793138f91f75,Spin-to-win
24f59be7f17b2ed83e8089ed7c0c0960,Survey rewards
8a251077ae7d4315f51f0d74debc5c38,Subscription entry
e9dd7a73c5d54aed72ba3db747ef50b1,Custom entry
317ee76b80b7cdbe4964d4cb4e338c85,Auto-winner selection
22455cc04c74b9b9e43eed1ad7f636bf,Fair selection
0bac4aa6bd3371313274fda59da44821,Email confirmation
4f17f8f74118006f6fc5afe531197ce9,Form fields
620ac358c1118239a6db3210833d1e58,Post-entry emails
15d83ac06662ffe43b73295449856dc1,Storefront widget
79f38f00046d562b5422baf86435e443,Sample packs
b965c0555c306b3d8ecad50f61e3a47c,Supplier notifications
8252c39c804f77a0f0b25367980aa59b,Vendor notifications
c52026175b183636427c47574f786646,Batch notifications
da2fd5324f611f2b1d8b4fef9ae3179e,Attachments
21c8d4a19fe2c9634fd43bd6f74aa511,Discount code
8346bce0870d951824164d7ded5a3118,Collection SEO
8709795d72007a028e4699ecd0362a03,Approve requests
bd712f3e461e1787925efc3d1961b2f3,Revert pricing
e82ae7ff2894afb8deda62b10552dd90,Table layout
4181914c69af6fabe4ccd43a9bd0caf5,Recommended topics
e5956c012de59072b6711bbded03b228,Custom tickets
19d5b63564cd0a82f1b23f7f15c02fa0,Share links
87e0ec1993c78accbc3bbc581ed0821b,Large file support
8dfc72cd0bebc44a16762bbf3af2276f,Replatform
4ac5cf682682c975fac0410b58c7002b,Live selling
b93adb9a0865f36acd703ad269ea7259,Livestreams
25446782e2ccaf0afdb03e5d61d0fbb9,Colombia
d00b724c438315d9570eeca73209ae7d,Custom fees
763dbf80b8b42604f75eec90fe8e6281,One-click order
8826caed56c8c4623215af42b30696f3,Auto notifications
e7faa48ad4fcab277902b749a7a91353,Duplicate content
546ab18ca1ef77166165015133472b2c,Session replay
310e60e47874a6389b1fad7685522a7b,Staff management
9127dd3b420f9bc3e18ee32aa18fce4a,SEO updates
402051f4be0cc3aad33bcf3ac3d6532b,Backup
3e64f6d9e7ede562bac29fd9b02ab33b,Metaobjects
3dd288b9703bb1041875cd2b70a11124,Embedded products
50f28d952f298d6b041ebadef6e65500,Shoppable links
34d59fdafc6c99c5973d5c76534a33fd,Layouts
f0926d0fd3519f67ad9836ab8aa52089,Purchase alerts
1b9e05f866b09ead1ec71446077c450b,Price drop
760278c6dadb499023fc3c2a6f8d7eea,Sales forecasting
c1f53537f955669d8096b24b71108715,Hide price
0c463522191b3938b2c508a2269f5b75,Show and hide
74decf01ac895b1adcc1a69f014d9e5e,Request a quote
a15403038f4ff31fae0197126d8b348b,Convert quote to order
093738f5f55bad9ff4003e02ea05a977,Quote form
60b901070f10c8f1578f7e747d7f58b3,Quote updates
ea6150cc7c3d1c4da15dbff99d740e2d,In-store registry
32be42edca40e46fdb4a776e5a5de407,COD verification
6d88f28e8c6fc93414a134c5850d38c1,Terms checkbox
32b794607dca249691bdb8990839feb1,Shipping estimator
4e075844d2e00e4c800c8c62716bed8c,Pakistan
2c895ad3939b709a93b34ab1f19b8771,Bidding
ea8ce7e2a3da88804b1630c372e7b8dd,Price negotiation
b0197f316b4dc8e5e9fa45e08ba5d4cf,Made-to-order
b01a63d14445e9c9326101852a483e65,Deferred payments
05617cd4238d49a93ceeddf18dbed524,Payment schedules
986847cf490c62a841c72a78b241f87b,Mixed cart
8877d7299e53d76318ae578555a13839,Manual payment
c8cdd49ac85a354ec7901c4bc9315df3,Batch send
e2a4dd55aa0f76f85a047daf5b859095,Warranty
65cc30ed55db36c739ab349d7c58dfe8,Merging
91f9aa7943c2cecdd4bb7b8f601573f9,GTIN
f9bcd904ecd531c125ab9b42b5be3f35,Belarus
a741c07afd2ef4325a46f694483cc588,Product search
abf33a7aa793d31c73d556aff06c8852,Distance filter
1b5d74afa7bbb52aafcba10ca470c003,Product type filter
c15b3a33a86bc29490a9d0f4d69ad7ca,Search reports
58b3207e903e4b338f1e87c77e5f0c28,COD validation
d5aab5da4c863b046de0bb9f0876b23c,App notifications
1171b37333a05c2831d1bb4b9537c75d,Re-orders
c4c0d7bc5c64da24d146216d43a7fa0d,Unit conversion
7e3634c72881c3de49e75f21a62bc91f,Purchase-based
5c15925c975ce4696c5a7b6f03d5d151,Sweepstakes
5f666398e0fd1f189953ff361a3e6ae2,Amazon S3 storage
3e1ba13819ff44414acb31852e4e0616,Cart alerts
6e66bf5086f67a62877803fb1280f953,Product page alerts
24d9855ec17befa0382a21c6bf5587df,Rate blending
d5c246dc519b6a3c707dfc411a24d99f,Widget position
85c6d91d666ad02466fcfa02ac86bea1,Alt tags
65739bc5681042458819ccf2075eb3a6,Author bio
cc0db84af2cc7b44498b3f45a9794a44,Per-user pricing
1837cbd573d353f75291a3827b55fe4e,Royalties
54fdc6a2735e9ea110b6250953980cef,Social login
3025e6d5c16568e11cb4cf5e8e463733,Profit tracking
54250d978d3a5ac065d15f1bc7478ff1,TSE compliance
a340cce182438a13e5d5749c68055a9b,Data security
44d6d7ee1c271d6c9bbaa959fd5b9e24,Blog content
dc705a80b98e39353724d5ba0c7008cc,Store data
7dd57311767b3c61788e2bac953f347b,Best sellers
936b58ef16bb5c6235f8ef7be420ad21,Phishing
060dca13af57b4f1a7d2f2deb799b437,Customer service
333aba968c38d95e63061cddc3924d56,Optimization
c8153f6b421ec91a5ff0737d485b4c4c,General ledger
4413eca2f7b28fd7290e00484f9f19cf,Prepaid incentives
6a815bbb3e363a4a92f3e40aefba6740,Rename payment types
6621388a0e0ac234bdd4c0d19376babf,Stock-take
ac2bc6558911d91e02802a3bc82908e5,Stock transfers
c83f1a83cd1f235483e4fb12d283090c,Custom registry
059f41ac742e39286df821a76805d576,Gift registry
5b775423505ba0bf64494723395e3d4e,IP blocking
95fb0a3dd584baef95da3fe33d9e56cf,Custom buttons
cb454bb1754d6fc200cc262bb5d0e528,One-click upsells
98da611b0ea1347e6a9ce47f31332070,Post-purchase upsells
aafe7ec088eccb78628c5a2c8e0956b9,Prepaid returns
1a2c86fd3af3ea6786e793f04b824594,Custom JavaScript
880ba0f29164e6e9d636e688abd52cde,Live traffic
e373b4a4a61f507e9f1e11261dde65fd,Headless
1da172bd2890b91739e13f2d6db1ff7f,Loyalty rewards
1aeaf11631816ac2a6d3c69cd4ce721e,List cleanup
c9e34a882e667ce85457fa23fa3d916e,Games and contests
fd5b438d784c1dd84dade204a96f4738,Background removal
34456ef8015da3aee2b46c6de9120d35,AI assistance
69ebc8cc5bcf8a944a181a2d35235ccb,Anniversary
cf673f7ee88828c9fb8f6acf2cb08403,Birthday
810b4e58ec33fe92a6d921541db141a1,Auto-entry
257f665a45cf293cc9b947e5abd7733c,Social sharing entry
6884744081f6f284244fa57a740c3cbd,Custom upsell
c021a7b27d6fb6a83b1074fcd6d5aff6,SEO audits
f345dc065b71428f4691810d13fb984f,Falling effects
04d109244d4d295b3febbbdc8018a6f4,Two-way sync
a3e288d48045143aa951c3d2d3bb8bdd,Video ads
cf57935df5aeeac008207bb4d30aaf1e,Gift receipts
d6c5855a62cf32a4dadbc2831f0f295f,Scripts
2d4d374689ca6b0ea6ebd6e3e918697f,Article tags
a501c86d4bcd97754a25f02ca37d0bda,Comparison page
da11abf9aa8985587d9f6f87b329ca2d,Multi-product
f3453ce44685398a83b7fe3902d2b90c,Specifications
f21f8155e26e3ed7cc517c70b4641445,Highlight differences
f7c053fc5ba750f5d5e6a4fd1932cac9,Live events
685f33d1b7d30824c45818debbcc841a,Filter and sort
d678713ae72e6e8069a9be283a0f6a99,Floating chart
30e319e87df0ac5cf75b16362749024c,Featured posts
b17e361afe6e61b0ace7c85733a2cf38,Image editing
9d2b1ad5bbc16c44d49116dc213c53f2,Widget
57e51dabf3ed64e250134117aa5d1fab,Malware protection
5222daae2f1602ec62c12ab528bd456f,Custom contracts
7688c24e5cf1a6c808f4c99e7976cb8f,Allowlist
a16cbb6581140ab9c90a74c729ef1bf8,Wallet tracking
586ceb9c0c8478d6d9c772619c6d161e,Counter offers
0bf105b0cbb9ee67d4d34d8be5d33de3,Table of contents
562cd6a7574ef207ae92ba93292c3fa3,Auto-scheduling
1d0912b4f223663732ba92fba210a772,Permalinks
707bdccca3f80e3b61e11c8c60b09e2a,XML sitemap
70fe127aa51c2f83b066efa89827ce48,Related posts
e91518c06600978afe7e938e5054efd7,Roundup amount
c6ea18cf8db00ec4337ca3630e585c16,Side bar
e3ecc9f105c5fef387e57af30dac67c1,Internationalization - Other
e0f60dd14df07bfbaab14722bb2fd823,Access code
29d19494f6443b63cf67acc5cc8ff44b,Activation link
3247b77e33be9260437624552fdacbb4,Auto approve
daac2a4f137ab0e5affccbb10df2dfc7,Custom backgrounds
5d88ab11a02229462d0f80c88a7f5d52,Tooltips
78d55282e18e872547b965f37ff8d94a,Auto decline
e5b7cb580bcc642de8ab4e4d96acb8b4,Custom link
811cda3a114446c33f197387f07eb760,Re-routing
5ceecae36db6311265031c6c15dd293f,Bulk edits
c9245d661fae9659f881f81268a87ceb,Archiving
721aec3fbaaa868e9cdafb2012e98567,Scanning
55605827fc6a5f54ccc5a14c53dd2aaa,Customer data
e3c38a6e8324d943415a4c5ea570a6ba,Minting
3cc41d0f46073ba8d93ea9db2412437f,Certificates
534fcaf057baae344a8e51e1bd06a71d,Gated pages
863d8304fe4a58c3e0941e5799795eb1,Loyalty programs
91ec2b8a8a99b392dbd48a927993f8c3,Sell by weight
ee8fb7b4f0b1d7d703317494648e61ef,Manual tare weights
2a52adc7b1da6a4e0a7a14e4c8db1b11,Argentina
770105b98be2fdd6a6f096d29ca5632c,Jamaica
963f79ea1a99aefb8a7318ee388dcdd9,Turkmenistan
1e5791b40b4d545cc92d936c444632ec,Instant quotes
58483a02a7537071bf7ba3be7144e84c,Vendor handling
a6bd8c3dee06ff30633c437d08ad4708,PDPA
1773e5136712309e454c1ed9ffd18161,Data abbreviation
4d63e41f07b989202998d7aee1f9bb20,Crowdfunding
cbde699185760a347874b5d46827dfe5,Request form
461d0ee5fee8076080602690e6cc33a4,Selling in person - Other
a29406e922031d4562a6c5b0b95e5b60,Sales data
a921a1df781b1a2670354e5ca48d4466,Video contests
6b07fd4ea837c39e1542e1bbca01a224,Tunisia
9edcaf448797697045d88494d29ce215,Error resolution
913ac77773eaa7e0c07d8da00aac0144,Product targeting
357bab5637594283c7a78c2699e3b5e4,Scoring tool
9add557aaf5a86f6e6df6811f12893b4,Cost management
ffa1804fd213f570aacb911ec4cd4009,Search filters
c0286eed2a916527335db80ac6f9ffbd,Fundraising goal
e1b6f7eeddf0aeb8f9d993f60aa5140c,Widget placement
ce4ef3ec98443ed10da505114b58f153,Speed
bcbabca5bb2d870a409b029c8462f270,Accessibility compliance
c614daa15edc85814daeecd58bc2c56a,APA-NZPA
178ba12616bc0323b0d3f40ebf2b1ba1,APPI
b19295e43f4eb474d7d4083255d4be05,FADP
5b8ea84d36e34798e24e06ed3989d6b7,Split shipping
c1c42399f5ee714cec303a82b769fe2f,Widget design
f7c60bee23be42b0678d99ff60f97438,Widget text
79e21aecca9c568a06210dc28174443c,Widget color
2275e4e4be2080948d5158f92b1dd498,Recurring invoices
06a943c59f33a34bb5924aaf72cd2995,Search
7c212ac0212db0f0665524953f70ac4c,Fraud alerts
951d4dff3c22e9fcc4a2707009f45ea8,Thumbnail
59c8d663e5947d42a8be6fba8a8ed510,Remember me
f254d6f21ffa5c9bfc51bc7ce24db429,Retargeting ads
af746f12e3a75d18a683b0abe0d1ade9,Recording tools
9142ac5b229c9d83163e89bc1f468607,Uruguay
4245bf56d28f22197a4b30b46c809626,Statement
4a1a9cdc9bc5f66e6bc989d728c88b94,Text to speech
c8fd07f040a8f2dc85f5b2d3804ea3db,Contrast
aa71a2ef3fb13c2642ea72645a698cb8,Brightness
7a813e866027001f9fb2ce4c4c3fa59a,Keyboard navigation
b945e4a5992fdc116d24ef5726a05d72,Text spacing
4abda926b00eeca61209b7a795241146,Cursor size
e7aa9e9a04161ddb6cd3b45b224c9973,Font size
276be00a5232f6cd17555f7d2af1418d,Grayscale
1b8163dee755efa0e503e8bf680e843c,Link highlights
8cf6227b8c5d9086afc476fc70936464,Reading line
d08b9f6823067ca0b4a452c0a2abe5e0,Manual updates
6af4dc59c2b0c0f5d683c00a3a145a4f,Cost reporting
cbd544bbb0065b33ff62659cd0be4e60,Bottom bar
267640588a3983481a032894a50f0be6,Croatia
025e511b8f97ed82dd9808c1af304884,Voice navigation
8cf62bcca913ea4fbd9aa97372946da7,Photo contests
4173e0aa455bdc5fa2f23fccd5fa50b4,Pinned posts
c92d187bccc42bc0474b84464e44a202,Task assignments
fe7cd4d1bf3fea9a0d921e224b3fa24c,Pagination
a0420c052acb3a75b05456fabf9093dc,Panama
32e8419a7ecb8f918c70fdadf783e3d8,Peru
9473e4527f5183e3da46b2491a6e91e4,Bouvet Island
385433f6872fe8a9fb0c31b358994e8b,Burundi
d7211a8a6f09b60678f6b6c7877d3a26,Guernsey
b28b91da29297b90686505d8d19f1bdd,Headless support
d20a90675f790ef1dea45b40eb8a97b7,Malta
7d8ca47bbe17ba692ed007c859ba51b1,Qatar
fca66407707d42f66eaa9fcff0c8003a,Gift card payments
068b83b0839d8cff627bd91fdc8059fb,Luxembourg
f64a398fc678c17687a4c18476bbd3e8,Slovakia
7f65809a80ea14772b90e9ffb2053857,Slovenia
107bc51f0f59d738ab819811b10f6db5,Central African Republic
d3b1cee2327cfa357dabf0289958c024,Iraq
3bad5c3c7fb60b9039c3ed93c96ac6d4,Account activations
6aca8efbb22e6444d625fb610cdf706a,Grenada
217b6e5f0a09f648b648cc3d85d82da5,Morocco
b47bc9c3971a24ddbbfd211d7b692227,Bangladesh
5e53ddefcab309fd88e79d7744f6f365,Seychelles
3829610f5a7a1192d7511f219f682bd0,U.S. Outlying Islands
db5f144303047ccd07e8f149da182bc8,Bulgaria
9aefeef9c7e53f9de9bb36f32649dc3f,Moldova
f1fd1913c968a1c383c88631e335a7ca,Certification
d3197fb64e031c6be6a9e2005a2fbe9a,Singapore
a5436a81e858da7387cf04fc60690a70,POS tokengating
f775fa07e143b2e671946a48af8f42ca,Versioning
63e738be2e9bce2bc553099a8881cfbd,Splitting
0f91ac6bbcd06ed85087c5151eb03244,Inventory transfer
449f508e9fad3b1bd4debc02f0d2194b,Andorra
e5e0bd43b7f1a35aaf645f597de2ed08,Angola
b4e23646d009fc1162fa15d6e1c7090a,Anguilla
ee1124fdac2c680640490d6943923a44,Antigua & Barbuda
620a71f90d5dbf8c9a80939d2cbc1eba,Azerbaijan
97b78c7af698a19f89c414f8ede0ddd9,Bahrain
8c7c9b1149e9de712b9e5abab45d700c,Barbados
8925650ea01ef34b5fb8c451566add62,Bermuda
6a748bb76e4fe708a3e321c77ed0d30c,Bhutan
e3da147006bfec9f602ad67d367e34f7,British Virgin Islands
0be0d89a7660a0f90bc223b97924a527,Brunei
eca2bbce1ba27f0a2c5e7950eaf5bfd4,Burkina Faso
6d68c7cfe5d1825d6622f3c824f8db8b,Cyprus
0838fecfbd2ae7e09c7871ecf6313a4b,Sidebar
3fd72a00cdfed3a4020ce7715d472062,Video messages
